date,nav_net,nav_gross
2017-10-09,100000.0,100000.0
2017-10-10,100000.0,100000.0
2017-10-11,100000.0,100000.0
2017-10-12,100000.0,100000.0
2017-10-13,100000.0,100000.0
2017-10-16,100000.0,100000.0
2017-10-17,100000.0,100000.0
2017-10-18,100000.0,100000.0
2017-10-19,100000.0,100000.0
2017-10-20,100000.0,100000.0
2017-10-23,100000.0,100000.0
2017-10-24,100000.0,100000.0
2017-10-25,100000.0,100000.0
2017-10-26,100000.0,100000.0
2017-10-27,99632.55960304754,99632.55960304754
2017-10-30,100819.81975250925,100819.81975250925
2017-10-31,102105.7739574573,102105.7739574573
2017-11-01,103203.88796115962,103203.88796115962
2017-11-02,104423.5355285451,104423.5355285451
2017-11-03,104826.93929201658,104826.93929201658
2017-11-06,104205.02420371777,104205.02420371777
2017-11-07,104678.62936953647,104678.62936953647
2017-11-08,105730.02911852309,105730.02911852309
2017-11-09,104697.11032849929,104697.11032849929
2017-11-10,102856.66918240924,102856.66918240924
2017-11-13,102727.25672756702,102727.25672756702
2017-11-14,103030.28849431824,103030.28849431824
2017-11-15,105210.45319033707,105210.45319033707
2017-11-16,107252.81203965704,107252.81203965704
2017-11-17,106661.06713033015,106661.06713033015
2017-11-20,108157.93392991419,108157.93392991419
2017-11-21,107894.37691073261,107894.37691073261
2017-11-22,108380.1825365694,108380.1825365694
2017-11-24,108340.26813080047,108340.26813080047
2017-11-27,112261.18144198637,112261.18144198637
2017-11-28,112991.4047557219,112991.4047557219
2017-11-29,112491.10494903928,112491.10494903928
2017-11-30,113305.01376708999,113305.01376708999
2017-12-01,114754.34848598784,114754.34848598784
2017-12-04,115933.11110538454,115933.11110538454
2017-12-05,116221.69117463175,116221.69117463175
2017-12-06,120724.98554365753,120724.98554365753
2017-12-07,127366.53707972568,127366.53707972568
2017-12-08,125529.10098238607,125529.10098238607
2017-12-11,125996.98147480414,125996.98147480414
2017-12-12,126707.20281671628,126707.20281671628
2017-12-13,125482.51828209907,125482.51828209907
2017-12-14,125575.82865146942,125575.82865146942
2017-12-15,127273.933900711,127273.933900711
2017-12-18,129242.39586267654,129242.39586267654
2017-12-19,127389.22000400354,127389.22000400354
2017-12-20,125882.10575335321,125882.10575335321
2017-12-21,124725.49950838693,124725.49950838693
2017-12-22,121575.49621559655,121575.49621559655
2017-12-26,125176.63496609723,125176.63496609723
2017-12-27,124816.36602794315,124816.36602794315
2017-12-28,122895.77385365698,122895.77385365698
2017-12-29,116755.82931837469,122991.77568915488
2018-01-02,117339.22002098884,123575.16639176903
2018-01-03,117585.5283904608,123821.47476124098
2018-01-04,118209.00025977407,124444.94663055426
2018-01-05,119992.15247092425,126228.09884170444
2018-01-08,117878.37645560614,124114.32282638633
2018-01-09,117263.21549196815,123499.16186274834
2018-01-10,117578.27366753445,123814.22003831464
2018-01-11,116202.38284191972,122438.32921269991
2018-01-12,117119.53379101315,123355.48016179334
2018-01-16,114244.723783168,120480.67015394819
2018-01-17,113913.85056302194,120149.79693380214
2018-01-18,114174.84180907931,120410.7881798595
2018-01-19,114495.96567985331,120731.9120506335
2018-01-22,113709.69517857856,119945.64154935876
2018-01-23,113739.87263900372,119975.81900978391
2018-01-24,114639.42730924852,120875.37368002872
2018-01-25,114470.45311769564,120706.39948847583
2018-01-26,114459.97580384942,120695.92217462961
2018-01-29,114431.05539021194,120667.00176099213
2018-01-30,112768.35310346601,119004.29947424622
2018-01-31,113022.4114798142,119258.3578505944
2018-02-01,111689.64795701137,117925.59432779158
2018-02-02,110721.30359689878,116957.24996767899
2018-02-05,107304.26463895278,113540.21100973299
2018-02-06,108499.75584151124,114735.70221229145
2018-02-07,108183.72241574891,114419.66878652912
2018-02-08,108817.82090986095,115053.76728064116
2018-02-09,109726.05632954887,115962.00270032907
2018-02-12,110215.93921288523,116451.88558366544
2018-02-13,109826.93655607838,116062.88292685858
2018-02-14,111567.88445525536,117803.83082603557
2018-02-15,112794.4629952346,119030.4093660148
2018-02-16,112868.32580706726,119104.27217784747
2018-02-20,114143.70044368063,120379.64681446084
2018-02-21,113006.94839082759,119242.8947616078
2018-02-22,112150.0551101092,118386.0014808894
2018-02-23,112839.97360199889,119075.9199727791
2018-02-26,113476.23277597016,119712.17914675036
2018-02-27,112231.93871868601,118467.88508946622
2018-02-28,111728.71810108208,117964.66447186228
2018-03-01,110989.13580508278,117225.08217586299
2018-03-02,111562.6981283314,117798.6444991116
2018-03-05,112095.08037639983,118331.02674718003
2018-03-06,112769.40387375504,119005.35024453525
2018-03-07,112441.16903093172,118677.11540171193
2018-03-08,112625.9855096518,118861.931880432
2018-03-09,113336.87154917112,119572.81791995133
2018-03-12,113188.39429009425,119424.34066087446
2018-03-13,113231.44037047694,119467.38674125714
2018-03-14,112951.95142802213,119187.89779880234
2018-03-15,112543.32019871737,118779.26656949757
2018-03-16,112569.04754232355,118804.99391310375
2018-03-19,112243.63477345159,118479.5811442318
2018-03-20,112058.34293758444,118294.28930836465
2018-03-21,112768.39213292308,119004.33850370329
2018-03-22,111262.86586414317,117498.81223492337
2018-03-23,111934.98729572007,118170.93366650028
2018-03-26,112226.97186638226,118462.91823716246
2018-03-27,111882.69021184267,118118.63658262287
2018-03-28,111115.68626427182,117351.63263505202
2018-03-29,111141.83314376905,117377.77951454926
2018-04-02,111782.45829051468,118018.40466129489
2018-04-03,111364.09159414431,117600.03796492452
2018-04-04,111429.45879288738,117665.40516366759
2018-04-05,111146.19206531289,117382.1384360931
2018-04-06,111403.31191339015,117639.25828417036
2018-04-09,111590.70564118048,117826.65201196069
2018-04-10,111721.44668843251,117957.39305921271
2018-04-11,112152.88682455148,118388.83319533168
2018-04-12,111503.54715960109,117739.4935303813
2018-04-13,111865.2578505502,118101.20422133041
2018-04-16,111943.70181392481,118179.64818470502
2018-04-17,111995.99889780222,118231.94526858242
2018-04-18,112039.57813859191,118275.52450937212
2018-04-19,111930.6283741762,118166.57474495641
2018-04-20,111490.93246874733,117726.87883952753
2018-04-23,111044.59994525426,117280.54631603447
2018-04-24,111314.16884875597,117550.11521953618
2018-04-25,110951.7980332938,117187.74440407401
2018-04-26,110757.3540054434,116993.3003762236
2018-04-27,110746.26191903713,116982.20828981734
2018-04-30,110746.26191903713,116982.20828981734
2018-05-01,110746.26191903713,116982.20828981734
2018-05-02,110746.26191903713,116982.20828981734
2018-05-03,110746.26191903713,116982.20828981734
2018-05-04,110746.26191903713,116982.20828981734
2018-05-07,110746.26191903713,116982.20828981734
2018-05-08,110746.26191903713,116982.20828981734
2018-05-09,110746.26191903713,116982.20828981734
2018-05-10,110746.26191903713,116982.20828981734
2018-05-11,110746.26191903713,116982.20828981734
2018-05-14,110746.26191903713,116982.20828981734
2018-05-15,110746.26191903713,116982.20828981734
2018-05-16,110746.26191903713,116982.20828981734
2018-05-17,110746.26191903713,116982.20828981734
2018-05-18,110746.26191903713,116982.20828981734
2018-05-21,110746.26191903713,116982.20828981734
2018-05-22,110746.26191903713,116982.20828981734
2018-05-23,110746.26191903713,116982.20828981734
2018-05-24,110746.26191903713,116982.20828981734
2018-05-25,110725.22301364505,116961.16938442526
2018-05-29,110388.60855289352,116624.55492367373
2018-05-30,111061.83747439658,117297.78384517679
2018-05-31,110641.07140483762,116877.01777561783
2018-06-01,110893.53024402082,117129.47661480102
2018-06-04,111177.54944767259,117413.4958184528
2018-06-05,111156.5105422805,117392.45691306071
2018-06-06,111451.05120500877,117686.99757578898
2018-06-07,111493.12500303204,117729.07137381224
2018-06-08,111777.1442066838,118013.09057746401
2018-06-11,111766.62676036822,118002.57313114843
2018-06-12,111871.81727456774,118107.76364534795
2018-06-13,111619.35843538455,117855.30480616476
2018-06-14,111829.73946378358,118065.68583456379
2018-06-15,112019.08559955143,118255.03197033163
2018-06-18,111819.22201746798,118055.16838824819
2018-06-19,111735.06639589964,117971.01276667985
2018-06-20,111703.51004419196,117939.45641497217
2018-06-21,111545.72026013178,117781.66663091199
2018-06-22,111715.14150780746,117951.08787858767
2018-06-25,111496.72537673486,117732.67174751507
2018-06-26,111143.0975593621,117379.0439301423
2018-06-27,110747.86553580537,116983.81190658557
2018-06-28,111153.49662711035,117389.44299789055
2018-06-29,111219.91958320771,117455.86595398792
2018-07-02,111303.53763817596,117539.48400895616
2018-07-03,111334.8924152249,117570.8387860051
2018-07-05,111773.87524242324,118009.82161320344
2018-07-06,112066.53444768378,118302.48081846398
2018-07-09,112139.69825221684,118375.64462299705
2018-07-10,112453.25798409113,118689.20435487134
2018-07-11,112338.28515207395,118574.23152285416
2018-07-12,112704.10816186755,118940.05453264776
2018-07-13,112725.0086884813,118960.95505926151
2018-07-16,112557.77656567314,118793.72293645334
2018-07-17,112745.91320222337,118981.85957300357
2018-07-18,112745.91320222337,118981.85957300357
2018-07-19,112756.36745265855,118992.31382343876
2018-07-20,112714.55842517443,118950.50479595464
2018-07-23,112620.4901068993,118856.43647767951
2018-07-24,112693.65391143237,118929.60028221257
2018-07-25,113143.0909890659,119379.0373598461
2018-07-26,113216.25479359896,119452.20116437916
2018-07-27,112939.88235320033,119175.82872398054
2018-07-30,112609.58481341976,118845.53118419996
2018-07-31,113022.45378508774,119258.40015586794
2018-08-01,112877.95082622704,119113.89719700725
2018-08-02,113094.70526451808,119330.65163529829
2018-08-03,113404.3550245639,119640.30139534411
2018-08-06,113559.18187329198,119795.12824407218
2018-08-07,113652.07719504676,119888.02356582697
2018-08-08,113652.07719504676,119888.02356582697
2018-08-09,113662.39714750381,119898.34351828402
2018-08-10,113466.2865515372,119702.2329223174
2018-08-13,113321.7835926765,119557.7299634567
2018-08-14,113641.75330517937,119877.69967595958
2018-08-15,113610.78951039788,119846.73588117809
2018-08-16,114054.62227684734,120290.56864762754
2018-08-17,114384.91587921759,120620.8622499978
2018-08-20,114488.13509083974,120724.08146161995
2018-08-21,114384.91587921759,120620.8622499978
2018-08-22,114230.09296789984,120466.03933868004
2018-08-23,114240.41292035689,120476.3592911371
2018-08-24,114551.88226713602,120787.82863791623
2018-08-27,114495.12756176977,120731.07393254997
2018-08-28,114367.4430503657,120603.38942114591
2018-08-29,114593.75329277976,120829.69966355996
2018-08-30,114466.37979309984,120702.32616388005
2018-08-31,114538.6023789724,120774.5487497526
2018-09-04,114377.55190200634,120613.49827278654
2018-09-05,114462.9555221477,120698.90189292791
2018-09-06,114863.36351807976,121099.30988885996
2018-09-07,114414.2817721839,120650.2281429641
2018-09-10,114569.12709920635,120805.07346998656
2018-09-11,114423.07607644938,120659.02244722958
2018-09-12,114591.24126528388,120827.18763606409
2018-09-13,114888.97762702701,121124.92399780721
2018-09-14,114792.9297494681,121028.8761202483
2018-09-17,114703.00435186089,120938.9507226411
2018-09-18,114660.4725192069,120896.41888998711
2018-09-19,114252.02606602143,120487.97243680163
2018-09-20,114601.39088056031,120837.33725134052
2018-09-21,114690.33279763692,120926.27916841712
2018-09-24,114282.42160217112,120518.36797295132
2018-09-25,114222.73024301327,120458.67661379348
2018-09-26,113775.02607318517,120010.97244396538
2018-09-27,113884.46529194636,120120.41166272656
2018-09-28,114125.56135748081,120361.50772826101
2018-10-01,114115.57885298385,120351.52522376405
2018-10-02,114135.54005476783,120371.48642554804
2018-10-03,113925.95314685097,120161.89951763117
2018-10-04,113666.46513807913,119902.41150885934
2018-10-05,113696.40503715012,119932.35140793033
2018-10-08,113786.22854157306,120022.17491235326
2018-10-09,113846.10833971505,120082.05471049526
2018-10-10,112418.91858065507,118654.86495143527
2018-10-11,111201.31192230197,117437.25829308218
2018-10-12,111710.30924255862,117946.25561333883
2018-10-15,111720.29174705558,117956.23811783579
2018-10-16,112718.32899299485,118954.27536377506
2018-10-17,112728.30769028186,118964.25406106206
2018-10-18,112378.9961770871,118614.94254786731
2018-10-19,112478.79837879704,118714.74474957725
2018-10-22,112289.17267266416,118525.11904344437
2018-10-23,112129.48686560227,118365.43323638248
2018-10-24,111301.1141240119,117537.06049479211
2018-10-25,111620.48573813567,117856.43210891588
2018-10-26,111593.62855599973,117829.57492677994
2018-10-29,111593.62855599973,117829.57492677994
2018-10-30,111593.62855599973,117829.57492677994
2018-10-31,111593.62855599973,117829.57492677994
2018-11-01,111593.62855599973,117829.57492677994
2018-11-02,111593.62855599973,117829.57492677994
2018-11-05,111593.62855599973,117829.57492677994
2018-11-06,111593.62855599973,117829.57492677994
2018-11-07,111593.62855599973,117829.57492677994
2018-11-08,111593.62855599973,117829.57492677994
2018-11-09,111593.62855599973,117829.57492677994
2018-11-12,111593.62855599973,117829.57492677994
2018-11-13,111593.62855599973,117829.57492677994
2018-11-14,111593.62855599973,117829.57492677994
2018-11-15,111593.62855599973,117829.57492677994
2018-11-16,111593.62855599973,117829.57492677994
2018-11-19,111593.62855599973,117829.57492677994
2018-11-20,111593.62855599973,117829.57492677994
2018-11-21,111593.62855599973,117829.57492677994
2018-11-23,111593.62855599973,117829.57492677994
2018-11-26,111593.62855599973,117829.57492677994
2018-11-27,111593.62855599973,117829.57492677994
2018-11-28,111593.62855599973,117829.57492677994
2018-11-29,111593.62855599973,117829.57492677994
2018-11-30,111703.28139743245,117939.22776821266
2018-12-03,111825.22000277058,118061.16637355079
2018-12-04,112083.4331294877,118319.37950026791
2018-12-06,112226.27722704464,118462.22359782485
2018-12-07,112391.08724033873,118627.03361111894
2018-12-10,112424.03106430867,118659.97743508888
2018-12-11,112281.21726456654,118517.16363534675
2018-12-12,112127.39020914103,118363.33657992123
2018-12-13,112160.35423165417,118396.30060243438
2018-12-14,112248.238093146,118484.18446392621
2018-12-17,112413.0481064401,118648.9944772203
2018-12-18,112552.32716112107,118788.27353190127
2018-12-19,112750.51021742824,118986.45658820844
2018-12-20,112678.96192775473,118914.90829853494
2018-12-21,112716.69880983507,118952.64518061528
2018-12-24,112858.61093930042,119094.55731008062
2018-12-26,112591.157113338,118827.10348411821
2018-12-27,112733.0842615492,118969.0306323294
2018-12-28,113253.91271659583,119489.85908737604
2018-12-31,113554.10321365838,119790.04958443859
2019-01-02,113710.75894344007,119946.70531422028
2019-01-03,114673.52311214144,120909.46948292165
2019-01-04,113751.15402761672,119987.10039839693
2019-01-07,113789.230425653,120025.17679643321
2019-01-08,113494.42587653305,119730.37224731325
2019-01-09,113890.14866111065,120126.09503189086
2019-01-10,113527.78683551938,119763.73320629958
2019-01-11,113793.8533567215,120029.79972750171
2019-01-14,113896.30758630233,120132.25395708253
2019-01-15,113744.25604946724,119980.20242024744
2019-01-16,113893.21947079715,120129.16584157736
2019-01-17,113715.58681122145,119951.53318200166
2019-01-18,113028.95070107828,119264.89707185849
2019-01-22,113424.58975542137,119660.53612620158
2019-01-23,113318.30312751494,119554.24949829515
2019-01-24,113409.04240856112,119644.98877934132
2019-01-25,114071.99540245783,120307.94177323804
2019-01-28,114286.81176189105,120522.75813267125
2019-01-29,114769.03749068503,121004.98386146524
2019-01-30,115227.73612007425,121463.68249085445
2019-01-31,115517.5124522283,121753.4588230085
2019-02-01,115095.69486360294,121331.64123438315
2019-02-04,114720.65053853577,120956.59690931598
2019-02-05,114966.81167253638,121202.75804331659
2019-02-06,114623.00887177567,120858.95524255588
2019-02-07,114947.49305587914,121183.43942665934
2019-02-08,115240.98695718545,121476.93332796566
2019-02-11,114871.95114413254,121107.89751491275
2019-02-12,114915.30881793925,121151.25518871946
2019-02-13,114546.89832239994,120782.84469318014
2019-02-14,115133.4499078957,121369.39627867591
2019-02-15,115420.1975955316,121656.1439663118
2019-02-19,116395.42953649767,122631.37590727788
2019-02-20,116282.97968916791,122518.92605994812
2019-02-21,115453.46990210867,121689.41627288888
2019-02-22,115889.78855116319,122125.7349219434
2019-02-25,115684.0598382812,121920.00620906141
2019-02-26,115842.42659652242,122078.37296730262
2019-02-27,115426.75881525026,121662.70518603046
2019-02-28,115206.47422919619,121442.4205999764
2019-03-01,114634.50979936133,120870.45617014154
2019-03-04,114447.0055756227,120682.9519464029
2019-03-05,114511.48538216928,120747.43175294949
2019-03-06,114437.5071057029,120673.4534764831
2019-03-07,114361.98697911025,120597.93334989046
2019-03-08,114791.580434651,121027.5268054312
2019-03-11,115012.86944043866,121248.81581121887
2019-03-12,115446.96697402131,121682.91334480152
2019-03-13,115896.55314597934,122132.49951675955
2019-03-14,115369.38566918175,121605.33203996196
2019-03-15,115796.47795913472,122032.42432991492
2019-03-18,115793.08943232006,122029.03580310027
2019-03-19,115784.57119509442,122020.51756587463
2019-03-20,115997.94788248157,122233.89425326178
2019-03-21,116321.16909896208,122557.11546974229
2019-03-22,116360.20789231754,122596.15426309775
2019-03-25,116802.53268078713,123038.47905156734
2019-03-26,116863.61172308055,123099.55809386076
2019-03-27,116666.3192813347,122902.2656521149
2019-03-28,116256.62000352013,122492.56637430034
2019-03-29,116412.16417767499,122648.1105484552
2019-04-01,116131.73060483532,122367.67697561553
2019-04-02,116313.73676526314,122549.68313604334
2019-04-03,116110.14559077636,122346.09196155657
2019-04-04,116274.97258908238,122510.91895986258
2019-04-05,116423.2233749409,122659.16974572111
2019-04-08,116523.03017441065,122758.97654519086
2019-04-09,116683.37132235315,122919.31769313336
2019-04-10,116987.27338562807,123223.21975640827
2019-04-11,116385.07570193977,122621.02207271998
2019-04-12,116339.95844763481,122575.90481841502
2019-04-15,116370.59438495325,122606.54075573345
2019-04-16,115662.85855987805,121898.80493065825
2019-04-17,115359.87651164099,121595.8228824212
2019-04-18,115545.34779606258,121781.29416684278
2019-04-22,115444.61622527025,121680.56259605045
2019-04-23,115763.85636303146,121999.80273381167
2019-04-24,116066.70703055858,122302.65340133879
2019-04-25,116024.76799551655,122260.71436629676
2019-04-26,116454.05242635105,122689.99879713125
2019-04-29,116187.76718967855,122423.71356045875
2019-04-30,116837.2887595801,123073.2351303603
2019-05-01,116227.85308704058,122463.79945782079
2019-05-02,116072.9615162638,122308.907887044
2019-05-03,116383.03520284819,122618.98157362839
2019-05-06,116502.01045512444,122737.95682590465
2019-05-07,116038.67423364992,122274.62060443012
2019-05-08,115909.5008778375,122145.44724861771
2019-05-09,116063.13395376217,122299.08032454237
2019-05-10,116462.07561453599,122698.0219853162
2019-05-13,116092.04265239861,122327.98902317882
2019-05-14,116280.133302604,122516.0796733842
2019-05-15,116709.66804291302,122945.61441369323
2019-05-16,117119.24367916994,123355.19004995015
2019-05-17,117068.94672180261,123304.89309258282
2019-05-20,116882.70569681199,123118.6520675922
2019-05-21,117215.31952259116,123451.26589337137
2019-05-22,117556.11529690177,123792.06166768198
2019-05-23,117640.69916872315,123876.64553950336
2019-05-24,118097.756537411,124333.7029081912
2019-05-28,121232.12087393603,127468.06724471624
2019-05-29,120739.71516303952,126975.66153381973
2019-05-30,119503.12876169644,125739.07513247665
2019-05-31,121164.27532008516,127400.22169086536
2019-06-03,119369.13294922978,125605.07932000999
2019-06-04,116419.33686046692,122655.28323124713
2019-06-05,117064.12384339808,123300.07021417828
2019-06-06,117043.14265214441,123279.08902292461
2019-06-07,118469.48208748254,124705.42845826274
2019-06-10,117981.35812947091,124217.30450025112
2019-06-11,117561.5585991182,123797.50496989841
2019-06-12,118945.02506874283,125180.97143952304
2019-06-13,119554.75539823093,125790.70176901114
2019-06-14,122068.57867469457,128304.52504547477
2019-06-17,125482.87835076598,131718.8247215462
2019-06-18,124271.07065096933,130507.01702174955
2019-06-19,125449.81832934824,131685.76470012846
2019-06-20,126914.23864111761,133150.18501189782
2019-06-21,128751.03639150884,134986.98276228906
2019-06-24,132071.67655878764,138307.62292956785
2019-06-25,134432.59834235892,140668.54471313913
2019-06-26,137485.33366093686,143721.28003171706
2019-06-27,131935.51617354847,138171.46254432868
2019-06-28,135354.18181903264,141590.12818981285
2019-07-01,129965.9115255749,136201.85789635513
2019-07-02,131600.2138617734,137836.16023255364
2019-07-03,135156.7927299718,141392.73910075205
2019-07-05,131454.87381341285,137690.8201841931
2019-07-08,135170.6123042251,141406.55867500533
2019-07-09,136208.008270057,142443.95464083724
2019-07-10,135611.8278260394,141847.77419681964
2019-07-11,132720.19305170732,138956.13942248755
2019-07-12,134284.00449165117,140519.9508624314
2019-07-15,131826.60934414854,138062.55571492878
2019-07-16,127404.75717350954,133640.70354428978
2019-07-17,128608.26995607972,134844.21632685995
2019-07-18,132045.26110101095,138281.2074717912
2019-07-19,130722.69490630241,136958.64127708264
2019-07-22,130150.08449735277,136386.030868133
2019-07-23,128628.41682400672,134864.36319478697
2019-07-24,128555.68392674756,134791.63029752782
2019-07-25,128592.608933646,134828.55530442626
2019-07-26,128656.27708443617,134892.2234552164
2019-07-29,127942.89873365665,134178.84510443688
2019-07-30,128163.0848748323,134399.03124561254
2019-07-31,128914.57822199113,135150.52459277137
2019-08-01,130678.65346140295,136914.5998321832
2019-08-02,130875.66214435197,137111.6085151322
2019-08-05,134211.1948977188,140447.14126849902
2019-08-06,134036.43801443194,140272.38438521218
2019-08-07,135785.36627423743,142021.31264501766
2019-08-08,136437.0868886506,142673.03325943084
2019-08-09,135945.78434617072,142181.73071695096
2019-08-12,135031.24070152716,141267.1870723074
2019-08-13,133825.91604639395,140061.86241717418
2019-08-14,131591.797960997,137827.74433177724
2019-08-15,132790.12038890074,139026.06675968098
2019-08-16,132923.5886578391,139159.53502861934
2019-08-19,134130.808934684,140366.75530546423
2019-08-20,133888.96960056317,140124.9159713434
2019-08-21,132236.1007786402,138472.04714942042
2019-08-22,132134.3561660759,138370.30253685612
2019-08-23,132912.03962686588,139147.98599764612
2019-08-26,133052.59604236428,139288.54241314452
2019-08-27,132928.00267995836,139163.9490507386
2019-08-28,131962.16341224607,138198.1097830263
2019-08-29,131362.31731404347,137598.2636848237
2019-08-30,131452.8188996209,137688.76527040114
2019-09-03,134550.60815598397,140786.5545267642
2019-09-04,134883.79772873138,141119.74409951162
2019-09-05,134076.77497182245,140312.7213426027
2019-09-06,133373.49532380042,139609.44169458066
2019-09-09,132875.62267673627,139111.5690475165
2019-09-10,131739.9348989031,137975.88126968333
2019-09-11,132098.95465296158,138334.9010237418
2019-09-12,132774.00625442583,139009.95262520606
2019-09-13,132087.7610779722,138323.70744875242
2019-09-16,132145.2344195245,138381.18079030473
2019-09-17,132382.23231524765,138618.17868602788
2019-09-18,132155.3304724238,138391.27684320405
2019-09-19,132470.2399595101,138706.18633029034
2019-09-20,132597.393193218,138833.33956399825
2019-09-23,131643.84631170557,137879.7926824858
2019-09-24,128871.70692824126,135107.65329902148
2019-09-25,127881.2913414414,134117.23771222163
2019-09-26,127022.64903520583,133258.59540598604
2019-09-27,126593.05923578456,132829.00560656478
2019-09-30,126168.80447677859,132404.7508475588
2019-10-01,126155.90183988334,132391.84821066356
2019-10-02,126208.26539195124,132444.21176273146
2019-10-03,126901.62527139786,133137.57164217808
2019-10-04,127601.765141889,133837.71151266922
2019-10-07,126863.00829876737,133098.9546695476
2019-10-08,126858.17073788357,133094.11710866378
2019-10-09,127073.1171954276,133309.0635662078
2019-10-10,126625.54497018027,132861.49134096046
2019-10-11,126147.40909133191,132383.35546211211
2019-10-14,126372.72021735387,132608.66658813407
2019-10-15,125981.04247877248,132216.9888495527
2019-10-16,126324.04730006953,132559.99367084977
2019-10-17,126475.16691115966,132711.11328193988
2019-10-18,126501.0435655709,132736.98993635114
2019-10-21,126238.17809729738,132474.1244680776
2019-10-22,126094.36408259884,132330.31045337906
2019-10-23,126268.18556121274,132504.13193199295
2019-10-24,126567.39388861162,132803.34025939184
2019-10-25,126364.08875337502,132600.03512415523
2019-10-28,125835.97874855611,132071.92511933632
2019-10-29,125897.29162077646,132133.23799155667
2019-10-30,126562.82854025655,132798.77491103674
2019-10-31,127177.36092806353,133413.30729884372
2019-11-01,127155.66882823658,133391.6151990168
2019-11-04,126512.45836179302,132748.40473257322
2019-11-05,125395.59920810208,131631.5455788823
2019-11-06,125927.59535383622,132163.54172461646
2019-11-07,124915.94175098906,131151.8881217693
2019-11-08,124584.24289172416,130820.1892625044
2019-11-11,124451.86407358611,130687.81044436635
2019-11-12,124607.36523562126,130843.31160640149
2019-11-13,125130.20633312625,131366.1527039065
2019-11-14,125614.26337826777,131850.20974904802
2019-11-15,125682.0620745459,131918.00844532615
2019-11-18,125982.14461483838,132218.09098561865
2019-11-19,126135.58697313267,132371.53334391295
2019-11-20,126271.76794527187,132507.71431605215
2019-11-21,125733.935771125,131969.88214190528
2019-11-22,125733.67238054276,131969.61875132308
2019-11-25,125908.73969483396,132144.68606561428
2019-11-26,126526.46371337802,132762.41008415833
2019-11-27,126549.36545267922,132785.31182345955
2019-11-29,126278.4374424231,132514.38381320346
2019-12-02,125612.33198321046,131848.2783539908
2019-12-03,126028.05875404121,132264.00512482156
2019-12-04,126086.35596248797,132322.30233326834
2019-12-05,126046.08013386678,132282.02650464716
2019-12-06,126106.69234943105,132342.63872021143
2019-12-09,126011.44468107326,132247.39105185366
2019-12-10,125869.34225740303,132105.28862818342
2019-12-11,126120.72906919644,132356.67543997683
2019-12-12,125777.21612028683,132013.1624910672
2019-12-13,126302.37686374325,132538.32323452362
2019-12-16,125929.08187406388,132165.02824484426
2019-12-17,125895.75530753352,132131.7016783139
2019-12-18,125696.14964966965,131932.09602045003
2019-12-19,125998.70635803518,132234.65272881556
2019-12-20,126357.81013280472,132593.7565035851
2019-12-23,126088.73375443932,132324.6801252197
2019-12-24,126146.39088358007,132382.33725436043
2019-12-26,126328.98156823435,132564.9279390147
2019-12-27,126429.09542463298,132665.04179541336
2019-12-30,126360.26368968497,132596.21006046535
2019-12-31,123867.78616248362,132850.62264850843
2020-01-02,124352.88583081316,133335.72231683796
2020-01-03,125238.77789688177,134221.61438290655
2020-01-06,126004.14603048911,134986.9825165139
2020-01-07,126001.84958199105,134984.68606801584
2020-01-08,125643.99090909133,134626.82739511612
2020-01-09,125669.9921754182,134652.828661443
2020-01-10,126031.58409624401,135014.4205822688
2020-01-13,125932.62069219713,134915.4571782219
2020-01-14,125836.4752141494,134819.31170017418
2020-01-15,126655.93581647209,135638.7723024969
2020-01-16,127044.31323290504,136027.14971892984
2020-01-17,127442.97507118934,136425.81155721415
2020-01-21,127677.43658928087,136660.27307530568
2020-01-22,127815.01053291831,136797.84701894314
2020-01-23,128115.27840452729,137098.1148905521
2020-01-24,128267.88620231903,137250.72268834387
2020-01-27,128545.33719356291,137528.17367958775
2020-01-28,128269.45285073164,137252.28933675648
2020-01-29,128560.33732567303,137543.17381169787
2020-01-30,128938.9993047012,137921.83579072604
2020-01-31,128302.66327466146,137285.49976068633
2020-02-03,128042.24227055097,137025.07875657585
2020-02-04,127271.90205299048,136254.73853901538
2020-02-05,128916.9023840306,137899.7388700555
2020-02-06,129549.50667116944,138532.34315719435
2020-02-07,129884.92365337435,138867.76013939927
2020-02-10,130421.71970708563,139404.55619311056
2020-02-11,131455.10012231607,140437.936608341
2020-02-12,131784.5774449709,140767.41393099583
2020-02-13,131783.4362310283,140766.27271705322
2020-02-14,132432.96822244898,141415.8047084739
2020-02-18,132328.7019614222,141311.53844744712
2020-02-19,130874.03311612495,139856.86960214988
2020-02-20,130954.42849048351,139937.26497650845
2020-02-21,131678.89045462763,140661.7269406526
2020-02-24,131443.6522467319,140426.48873275684
2020-02-25,129099.36114893893,138082.1976349639
2020-02-26,127354.5071538126,136337.34363983758
2020-02-27,126014.57881075768,134997.41529678265
2020-02-28,124270.27679216683,133253.1132781918
2020-03-02,124575.38012537979,133558.21661140476
2020-03-03,127298.00709612506,136280.84358215003
2020-03-04,127272.7636562622,136255.60014228718
2020-03-05,129251.28620303699,138234.12268906197
2020-03-06,129927.58518903694,138910.42167506192
2020-03-09,130618.87957935274,139601.71606537772
2020-03-10,128005.6774600681,136988.5139460931
2020-03-11,127132.09173345345,136114.92821947843
2020-03-12,124557.68526807883,133540.5217541038
2020-03-13,122228.82865695267,131211.66514297764
2020-03-16,123199.99444617245,132182.83093219742
2020-03-17,122390.7417746974,131373.57826072237
2020-03-18,120299.81181756764,129282.6483035926
2020-03-19,119374.90501317983,128357.7414992048
2020-03-20,121845.83026911132,130828.66675513629
2020-03-23,125232.16905540248,134215.00554142744
2020-03-24,127805.35018673308,136788.18667275802
2020-03-25,126951.46537505144,135934.30186107638
2020-03-26,127931.09268151218,136913.9291675371
2020-03-27,127959.77545758102,136942.61194360597
2020-03-30,128389.26644350526,137372.1029295302
2020-03-31,126459.92734771484,135442.7638337398
2020-04-01,127309.46011537004,136292.296601395
2020-04-02,128349.17595978534,137332.0124458103
2020-04-03,128711.84205036171,137694.6785363867
2020-04-06,130197.52294184391,139180.35942786888
2020-04-07,129558.87521717462,138541.71170319957
2020-04-08,128895.591868899,137878.42835492396
2020-04-09,130730.22070469512,139713.05719072008
2020-04-13,131735.13232360192,140717.96880962688
2020-04-14,132353.28637712894,141336.1228631539
2020-04-15,132576.30493597273,141559.1414219977
2020-04-16,132586.31744650402,141569.15393252898
2020-04-17,131098.0036669095,140080.84015293446
2020-04-20,131742.01333427287,140724.84982029782
2020-04-21,131464.10892631553,140446.9454123405
2020-04-22,132573.53758919443,141556.37407521938
2020-04-23,133292.16095578653,142274.9974418115
2020-04-24,133000.11183794684,141982.9483239718
2020-04-27,132217.62611527092,141200.46260129588
2020-04-28,132211.91459874544,141194.7510847704
2020-04-29,132537.7066209162,141520.54310694116
2020-04-30,131203.96893048132,140186.80541650628
2020-05-01,131688.21651404034,140671.0530000653
2020-05-04,131924.1534828733,140906.98996889827
2020-05-05,132149.38272979518,141132.21921582014
2020-05-06,131075.5971421197,140058.43362814464
2020-05-07,132453.68566841242,141436.52215443738
2020-05-08,131849.0882087294,140831.92469475436
2020-05-11,131264.6228767637,140247.45936278865
2020-05-12,131728.4400244008,140711.27651042576
2020-05-13,132481.8198717036,141464.65635772856
2020-05-14,133158.8329907514,142141.66947677635
2020-05-15,133485.9496160148,142468.78610203977
2020-05-18,132585.12065811388,141567.95714413884
2020-05-19,133398.8501428917,142381.68662891665
2020-05-20,133571.77520719284,142554.6116932178
2020-05-21,132649.42708060538,141632.26356663034
2020-05-22,133131.92077390908,142114.75725993403
2020-05-26,132029.2835452442,141012.12003126915
2020-05-27,132199.33033564145,141182.1668216664
2020-05-28,132356.88825827328,141339.72474429823
2020-05-29,132357.2793944394,141340.11588046435
2020-06-01,133987.60697114342,142970.44345716838
2020-06-02,132470.8701021658,141453.70658819075
2020-06-03,132252.818543859,141235.65502988396
2020-06-04,132686.07374384475,141668.9102298697
2020-06-05,131883.7335560486,140866.57004207355
2020-06-08,132335.72865523762,141318.56514126257
2020-06-09,132646.24506262055,141629.0815486455
2020-06-10,133233.13611433122,142215.97260035618
2020-06-11,132018.96935692642,141001.80584295138
2020-06-12,132318.51323641284,141301.3497224378
2020-06-15,132202.82844040307,141185.66492642803
2020-06-16,132335.96954523015,141318.8060312551
2020-06-17,132283.56657808906,141266.403064114
2020-06-18,132144.36555162768,141127.20203765263
2020-06-19,132084.8146983257,141067.65118435066
2020-06-22,132974.17926699144,141957.0157530164
2020-06-23,133097.53104643247,142080.36753245743
2020-06-24,132383.15283100354,141365.9893170285
2020-06-25,132269.01438696412,141251.85087298907
2020-06-26,131670.53685349374,140653.3733395187
2020-06-29,132145.1835423432,141128.02002836816
2020-06-30,132409.34518123753,141392.18166726248
2020-07-01,132648.78093824934,141631.6174242743
2020-07-02,132506.9980520147,141489.83453803966
2020-07-06,133607.0956215762,142589.93210760117
2020-07-07,133281.223745343,142264.06023136797
2020-07-08,134041.32822245904,143024.164708484
2020-07-09,133396.3225768138,142379.15906283876
2020-07-10,133466.65618501487,142449.49267103983
2020-07-13,133210.43823861473,142193.2747246397
2020-07-14,133819.80512526637,142802.64161129133
2020-07-15,133898.69142248848,142881.52790851344
2020-07-16,133469.50017085698,142452.33665688193
2020-07-17,134050.4147817141,143033.25126773905
2020-07-20,134274.8315353585,143257.66802138346
2020-07-21,135396.6872252786,144379.52371130357
2020-07-22,136654.93121228588,145637.76769831084
2020-07-23,136977.58864062154,145960.4251266465
2020-07-24,136828.2025110954,145811.03899712037
2020-07-27,142789.69894142944,151772.5354274544
2020-07-28,142794.8686870592,151777.70517308416
2020-07-29,144098.6153070153,153081.45179304027
2020-07-30,143780.78531778508,152763.62180381003
2020-07-31,144765.81117569815,153748.6476617231
2020-08-03,144578.2721274948,153561.10861351975
2020-08-04,145497.193019956,154480.02950598096
2020-08-05,147406.75946065295,156389.5959466779
2020-08-06,148134.6473443782,157117.48383040316
2020-08-07,147127.85075977945,156110.6872458044
2020-08-10,147805.02878948222,156787.86527550718
2020-08-11,143876.55188735836,152859.38837338332
2020-08-12,144533.38546446807,153516.22195049303
2020-08-13,145847.66457098376,154830.50105700872
2020-08-14,145632.96220512374,154615.7986911487
2020-08-17,148132.94464530147,157115.78113132642
2020-08-18,147704.91313482626,156687.74962085122
2020-08-19,145518.8866000366,154501.72308606157
2020-08-20,146237.54472490583,155220.3812109308
2020-08-21,144954.16013072504,153936.99661675
2020-08-24,145504.8273390712,154487.66382509616
2020-08-25,144243.22595914366,153226.06244516862
2020-08-26,145140.4133618267,154123.24984785166
2020-08-27,144237.455758593,153220.29224461794
2020-08-28,145788.33116890563,154771.16765493058
2020-08-31,146281.56053441338,155264.39702043834
2020-09-01,147316.89755079008,156299.73403681503
2020-09-02,145634.12250869535,154616.9589947203
2020-09-03,140308.11755728445,149290.9540433094
2020-09-04,141118.5988783549,150101.43536437987
2020-09-08,139011.10363368134,147993.9401197063
2020-09-09,140398.95371099983,149381.7901970248
2020-09-10,140167.19593169782,149150.03241772277
2020-09-11,140383.40426819248,149366.24075421743
2020-09-14,142280.72653974663,151263.56302577158
2020-09-15,142801.25978978915,151784.0962758141
2020-09-16,143570.24255159238,152553.07903761734
2020-09-17,143047.7285195974,152030.56500562237
2020-09-18,142682.55651044004,151665.392996465
2020-09-21,139686.97516680538,148669.81165283034
2020-09-22,140036.77184369668,149019.60832972164
2020-09-23,137206.1225358694,146188.95902189435
2020-09-24,139251.43592779804,148234.272413823
2020-09-25,139371.50560289717,148354.34208892213
2020-09-28,140158.21283978363,149141.0493258086
2020-09-29,140764.76426423423,149747.60075025918
2020-09-30,140466.65813596366,149449.49462198862
2020-10-01,140412.94375649354,149395.7802425185
2020-10-02,140029.9274992744,149012.76398529936
2020-10-05,141169.17431747282,150152.01080349777
2020-10-06,139831.7859054955,148814.62239152045
2020-10-07,140356.08563433128,149338.92212035623
2020-10-08,141700.23221264526,150683.06869867022
2020-10-09,142997.52442147885,151980.3609075038
2020-10-12,144839.8352828508,153822.67176887576
2020-10-13,143688.55136438596,152671.38785041092
2020-10-14,143655.0106795631,152637.84716558806
2020-10-15,143797.62908650807,152780.46557253302
2020-10-16,143145.60574783143,152128.4422338564
2020-10-19,143891.89563431812,152874.73212034308
2020-10-20,144586.34949270292,153569.18597872788
2020-10-21,147739.3330701158,156722.16955614075
2020-10-22,147840.41274482018,156823.24923084513
2020-10-23,147741.40560867405,156724.242094699
2020-10-26,147573.46100344308,156556.29748946804
2020-10-27,149189.5903956875,158172.42688171245
2020-10-28,146172.3466495246,155155.18313554957
2020-10-29,146626.93069096672,155609.76717699168
2020-10-30,146831.40769807564,155814.2441841006
2020-11-02,147706.15619988184,156688.9926859068
2020-11-03,150470.1411455429,159452.97763156786
2020-11-04,151948.39847642256,160931.23496244752
2020-11-05,158817.08937149413,167799.9258575191
2020-11-06,158903.07829593035,167885.9147819553
2020-11-09,158959.11726104683,167941.9537470718
2020-11-10,159240.76463914214,168223.6011251671
2020-11-11,161244.94536971863,170227.78185574358
2020-11-12,162956.15441969907,171938.99090572403
2020-11-13,163884.8832521976,172867.71973822254
2020-11-16,166006.33206578318,174989.16855180814
2020-11-17,169360.13083107123,178342.9673170962
2020-11-18,169182.73764144062,178165.57412746557
2020-11-19,169351.2559082362,178334.09239426116
2020-11-20,171203.8894411842,180186.72592720916
2020-11-23,170567.5995188642,179550.43600488917
2020-11-24,173071.3932899683,182054.22977599327
2020-11-25,171948.545061416,180931.38154744095
2020-11-27,167254.29998122228,176237.13646724724
2020-11-30,174408.40434761636,183391.24083364132
2020-12-01,172391.7932710301,181374.62975705505
2020-12-02,173380.0783184314,182362.91480445635
2020-12-03,173997.70258930718,182980.53907533214
2020-12-04,172198.94913956037,181181.78562558533
2020-12-07,173464.11010238048,182446.94658840544
2020-12-08,171281.44281096404,180264.279296989
2020-12-09,171675.114603509,180657.95108953395
2020-12-10,170708.9377125305,179691.77419855545
2020-12-11,170188.84741404137,179171.68390006633
2020-12-14,173056.90795812156,182039.74444414652
2020-12-15,174031.55040557226,183014.3868915972
2020-12-16,179167.61210272022,188150.44858874517
2020-12-17,183714.62084559517,192697.45733162013
2020-12-18,184404.63354224645,193387.4700282714
2020-12-21,183224.77390409505,192207.61039012
2020-12-22,185308.1778166045,194291.01430262945
2020-12-23,184040.94133655744,193023.7778225824
2020-12-24,185378.35889046852,194361.19537649347
2020-12-28,193200.00114194304,202182.837627968
2020-12-29,193730.627126964,202713.46361298897
2020-12-30,197175.3228311806,206158.15931720554
2020-12-31,181668.19292812084,206962.43598595605
2021-01-04,187750.75217347153,213044.99523130673
2021-01-05,192418.96622095964,217713.20927879485
2021-01-06,199341.00209482314,224635.24515265835
2021-01-07,205463.17701638732,230757.42007422252
2021-01-08,207703.6949464368,232997.938004272
2021-01-11,199864.78460390287,225159.02766173807
2021-01-12,197171.99739961833,222466.24045745353
2021-01-13,202081.6520911271,227375.8951489623
2021-01-14,204511.26773744565,229805.51079528086
2021-01-15,200734.91373018065,226029.15678801585
2021-01-19,199786.6053214733,225080.8483793085
2021-01-20,199404.04704611853,224698.29010395374
2021-01-21,191605.55543760658,216899.7984954418
2021-01-22,193590.71035664683,218884.95341448204
2021-01-25,193201.4849609076,218495.7280187428
2021-01-26,193377.65347552986,218671.89653336507
2021-01-27,190546.49490957,215840.7379674052
2021-01-28,193655.20320772807,218949.44626556328
2021-01-29,193964.7310630592,219258.97412089442
2021-02-01,193545.4602128293,218839.7032706645
2021-02-02,195686.0379751725,220980.28103300772
2021-02-03,197352.3374130521,222646.5804708873
2021-02-04,197069.04526183967,222363.28831967487
2021-02-05,198251.3270818608,223545.570139696
2021-02-08,205324.76281405255,230619.00587188776
2021-02-09,205588.98050771013,230883.22356554534
2021-02-10,204167.30748907235,229461.55054690756
2021-02-11,206753.3276458195,232047.5707036547
2021-02-12,206463.49576968193,231757.73882751714
2021-02-16,207451.84976958318,232746.09282741838
2021-02-17,209680.29075972943,234974.53381756463
2021-02-18,209374.6609515385,234668.9040093737
2021-02-19,211544.72410689498,236838.9671647302
2021-02-22,210354.0363163051,235648.27937414031
2021-02-23,207118.67523000413,232412.91828783933
2021-02-24,207830.44236446667,233124.68542230187
2021-02-25,205816.0820446501,231110.3251024853
2021-02-26,204852.34532228057,230146.58838011578
2021-03-01,207945.14730697012,233239.39036480532
2021-03-02,206873.20315975172,232167.44621758693
2021-03-03,208087.89795827528,233382.1410161105
2021-03-04,206215.6102379419,231509.8532957771
2021-03-05,207232.21228428514,232526.45534212035
2021-03-08,209721.07845193183,235015.32150976703
2021-03-09,211777.9847161086,237072.2277739438
2021-03-10,212854.19249135818,238148.43554919338
2021-03-11,214231.84702254957,239526.09008038478
2021-03-12,214059.85119885133,239354.09425668654
2021-03-15,213407.5565247141,238701.7995825493
2021-03-16,214044.08422358736,239338.32728142256
2021-03-17,215195.97554141286,240490.21859924807
2021-03-18,214288.9999959317,239583.2430537669
2021-03-19,214477.38546534668,239771.6285231819
2021-03-22,212410.4384740886,237704.6815319238
2021-03-23,212504.55448129066,237798.79753912587
2021-03-24,211198.39462963465,236492.63768746986
2021-03-25,210613.12578633538,235907.3688441706
2021-03-26,213229.10247774218,238523.3455355774
2021-03-29,215015.86320965516,240310.10626749037
2021-03-30,215434.8864877121,240729.1295455473
2021-03-31,215396.67166392293,240690.91472175813
2021-04-01,215762.99644119872,241057.23949903392
2021-04-05,216138.64100283585,241432.88406067106
2021-04-06,215598.27763057637,240892.52068841158
2021-04-07,214206.35822312583,239500.60128096104
2021-04-08,215664.36176935025,240958.60482718545
2021-04-09,215717.93906931116,241012.18212714637
2021-04-12,216736.5942756183,242030.8373334535
2021-04-13,218989.1819415703,244283.4249994055
2021-04-14,218716.23623421064,244010.47929204584
2021-04-15,219236.5678735075,244530.8109313427
2021-04-16,218394.53396968308,243688.77702751828
2021-04-19,214944.91698407417,240239.16004190937
2021-04-20,215475.0144845359,240769.2575423711
2021-04-21,214158.73595440504,239452.97901224025
2021-04-22,212738.89809208474,238033.14114991995
2021-04-23,212280.97705035293,237575.22010818814
2021-04-26,214816.85934509974,240111.10240293495
2021-04-27,215657.76912634014,240952.01218417534
2021-04-28,215334.71729426945,240628.96035210465
2021-04-29,214376.65934751875,239670.90240535396
2021-04-30,217396.8743353185,242691.11739315372
2021-05-03,217247.63893418363,242541.88199201884
2021-05-04,214136.1679718179,239430.4110296531
2021-05-05,217204.16460458105,242498.40766241626
2021-05-06,216765.5543176419,242059.7973754771
2021-05-07,217658.83700713233,242953.08006496754
2021-05-10,216569.24782921138,241863.4908870466
2021-05-11,216789.48401406515,242083.72707190036
2021-05-12,210226.4044344184,235520.6474922536
2021-05-13,211218.05986859265,236512.30292642786
2021-05-14,211687.42340904233,236981.66646687753
2021-05-17,206018.11344518536,231312.35650302056
2021-05-18,205279.22758553814,230573.47064337335
2021-05-19,199981.42626039917,225275.66931823437
2021-05-20,203772.82837336764,229067.07143120284
2021-05-21,203610.1001083318,228904.343166167
2021-05-24,204126.88555695795,229421.12861479315
2021-05-25,204631.08828397625,229925.33134181146
2021-05-26,204381.39862991832,229675.64168775352
2021-05-27,204365.68062123298,229659.9236790682
2021-05-28,205043.64203726195,230337.88509509715
2021-06-01,204163.5386980482,229457.78175588342
2021-06-02,204999.5391569236,230293.7822147588
2021-06-03,202953.08559717247,228247.32865500767
2021-06-04,204809.50610237324,230103.74916020845
2021-06-07,205145.69358418047,230439.93664201567
2021-06-08,204704.06836630098,229998.3114241362
2021-06-09,204720.49428292696,230014.73734076216
2021-06-10,205718.71162593042,231012.95468376562
2021-06-11,204446.76635190626,229741.00940974147
2021-06-14,204025.84557927243,229320.08863710763
2021-06-15,203267.87907036132,228562.12212819653
2021-06-16,200767.96416877868,226062.2072266139
2021-06-17,198009.24899472503,223303.49205256024
2021-06-18,196300.09823887798,221594.3412967132
2021-06-21,198751.74822689945,224045.99128473466
2021-06-22,198660.55868927305,223954.80174710826
2021-06-23,198076.78439515198,223371.02745298718
2021-06-24,198681.05025515665,223975.29331299185
2021-06-25,199258.25342532952,224552.49648316472
2021-06-28,199447.26905309362,224741.51211092883
2021-06-29,199406.76717579833,224701.01023363354
2021-06-30,199325.76342120775,224620.00647904296
2021-07-01,199933.31218179537,225227.55523963057
2021-07-02,200554.36500167445,225848.60805950966
2021-07-06,200540.87124296214,225835.11430079734
2021-07-07,201148.42000354975,226442.66306138496
2021-07-08,200486.86530637537,225781.10836421058
2021-07-09,201188.92188084504,226483.16493868025
2021-07-12,201215.92999942802,226510.17305726322
2021-07-13,200999.90625308093,226294.14931091614
2021-07-14,201364.44374989683,226658.68680773204
2021-07-15,201458.9515637789,226753.1946216141
2021-07-16,201580.45719566473,226874.70025349993
2021-07-19,200635.3790568442,225929.6221146794
2021-07-20,201458.95156377886,226753.19462161406
2021-07-21,201512.95750036562,226807.20055820083
2021-07-22,201836.98281930707,227131.22587714228
2021-07-23,202662.68465888756,227956.92771672277
2021-07-26,202408.56445207863,227702.80750991384
2021-07-27,202997.7198160765,228291.96287391172
2021-07-28,202845.61571879697,228139.85877663217
2021-07-29,202773.9303200897,228068.17337792492
2021-07-30,202974.0542473063,228268.29730514152
2021-08-02,203245.73907555046,228539.98213338567
2021-08-03,203896.6391298313,229190.88218766652
2021-08-04,203471.8225874374,228766.0656452726
2021-08-05,203447.13394876092,228741.37700659613
2021-08-06,202799.44979092447,228093.69284875967
2021-08-09,202690.40309380923,227984.64615164444
2021-08-10,202407.79692528685,227702.03998312206
2021-08-11,202666.09406545584,227960.33712329104
2021-08-12,202788.7594406038,228083.00249843902
2021-08-13,203791.57378820825,229085.81684604345
2021-08-16,204547.5276100318,229841.770667867
2021-08-17,204602.19560965683,229896.43866749204
2021-08-18,203366.96103022128,228661.2040880565
2021-08-19,204043.10887271064,229337.35193054585
2021-08-20,204706.3690594348,230000.61211727
2021-08-23,204945.00124637218,230239.2443042074
2021-08-24,204336.8202958062,229631.0633536414
2021-08-25,203927.17111644908,229221.4141742843
2021-08-26,203435.1302784798,228729.373336315
2021-08-27,206147.93676737644,231442.17982521164
2021-08-30,204214.01933129755,229508.26238913275
2021-08-31,204172.1961102935,229466.4391681287
2021-09-01,206279.32172068785,231573.56477852305
2021-09-02,207122.9608030232,232417.2038608584
2021-09-03,207700.4682030191,232994.7112608543
2021-09-07,203302.44561147757,228596.68866931277
2021-09-08,202918.0125676392,228212.2556254744
2021-09-09,203039.28614213355,228333.52919996876
2021-09-10,200679.96894987838,225974.2120077136
2021-09-13,200693.40714258637,225987.65020042157
2021-09-14,203262.84267574662,228557.08573358183
2021-09-15,204752.97624715415,230047.21930498935
2021-09-16,203958.77468878726,229253.01774662247
2021-09-17,202716.98390944037,228011.22696727558
2021-09-20,197337.53760817272,222631.78066600792
2021-09-21,194775.22260117196,220069.46565900717
2021-09-22,198439.93555836685,223734.17861620206
2021-09-23,199847.84288146993,225142.08593930514
2021-09-24,196602.1438750744,221896.3869329096
2021-09-27,195094.1752479036,220388.4183057388
2021-09-28,192423.34722823888,217717.5902860741
2021-09-29,193529.60547375208,218823.84853158728
2021-09-30,195993.59407284585,221287.83713068106
2021-10-01,201474.6889163034,226768.9319741386
2021-10-04,202085.6795008294,227379.9225586646
2021-10-05,205026.22955842325,230320.47261625846
2021-10-06,209747.68635283498,235041.9294106702
2021-10-07,208217.01393101216,233511.25698884737
2021-10-08,207976.5608849007,233270.80394273592
2021-10-11,211401.51555372603,236695.75861156124
2021-10-12,210089.34168765365,235383.58474548886
2021-10-13,212025.9265018663,237320.16955970152
2021-10-14,212889.3313582886,238183.5744161238
2021-10-15,216827.3902678238,242121.633325659
2021-10-18,217255.7146042557,242549.95766209092
2021-10-19,219707.7890471957,245002.0321050309
2021-10-20,221698.10438538218,246992.34744321738
2021-10-21,218106.4233661632,243400.6664239984
2021-10-22,216789.2605630196,242083.5036208548
2021-10-25,219105.10088636875,244399.34394420395
2021-10-26,216542.97949533735,241837.22255317256
2021-10-27,214141.31952194904,239435.56257978425
2021-10-28,216557.83406672647,241852.07712456168
2021-10-29,218490.68992648914,243784.93298432435
2021-11-01,217040.84066471725,242335.08372255246
2021-11-02,219895.2060344361,245189.4490922713
2021-11-03,219787.9843837807,245082.22744161592
2021-11-04,218179.52943534372,243473.77249317893
2021-11-05,217386.10539055688,242680.3484483921
2021-11-08,224841.47611490986,250135.71917274507
2021-11-09,224113.69584187467,249407.93889970987
2021-11-10,221827.1908323658,247121.433890201
2021-11-11,221676.44729064967,246970.69034848487
2021-11-12,221160.7202253755,246454.9632832107
2021-11-15,220541.16585509913,245835.40891293433
2021-11-16,216974.08824061524,242268.33129845044
2021-11-17,216979.2876317402,242273.53068957542
2021-11-18,213011.50333789256,238305.74639572777
2021-11-19,213594.18243868175,238888.42549651695
2021-11-22,210135.6617217913,235429.9047796265
2021-11-23,211039.61048909117,236333.85354692637
2021-11-24,209802.73567409025,235096.97873192545
2021-11-26,205652.88330661552,230947.12636445073
2021-11-29,211273.2237686751,236567.4668265103
2021-11-30,208929.41215376585,234223.65521160106
2021-12-01,208764.03105051818,234058.2741083534
2021-12-02,208922.77132504637,234217.01438288158
2021-12-03,205320.52629176926,230614.76934960447
2021-12-06,202255.8910294844,227550.1340873196
2021-12-07,203065.90072712954,228360.14378496475
2021-12-08,202915.89315494132,228210.13621277653
2021-12-09,199291.93816114505,224586.18121898026
2021-12-10,199366.25835192736,224660.50140976257
2021-12-13,198786.50648574764,224080.74954358285
2021-12-14,198181.31396167976,223475.55701951496
2021-12-15,202068.1620706588,227362.405128494
2021-12-16,200574.0047262738,225868.247784109
2021-12-17,197835.99472277492,223130.23778061013
2021-12-20,198430.1338573891,223724.3769152243
2021-12-21,201647.64063034437,226941.88368817957
2021-12-22,201705.64671781464,226999.88977564985
2021-12-23,204830.07125596423,230124.31431379943
2021-12-27,205391.1310892029,230685.37414703812
2021-12-28,201424.66742510838,226718.91048294358
2021-12-29,200192.72452433896,225486.96758217417
2021-12-30,201136.68806269378,226430.93112052899
2021-12-31,192519.85294894682,226893.34423791998
2022-01-03,190351.54071719525,224725.03200616842
2022-01-04,190745.2683101823,225118.75959915546
2022-01-05,189252.10976828172,223625.60105725488
2022-01-06,187624.465726947,221997.95701592017
2022-01-07,187711.02668739686,222084.51797637
2022-01-10,187762.3961233011,222135.88741227423
2022-01-11,189291.94624675874,223665.43753573188
2022-01-12,189668.48167274622,224041.97296171935
2022-01-13,188333.0269176801,222706.51820665324
2022-01-14,187634.66391500086,222008.155203974
2022-01-18,186475.6487385806,220849.14002755375
2022-01-19,187945.93664964792,222319.42793862105
2022-01-20,186798.12752973314,221171.61881870628
2022-01-21,186425.67810698677,220799.1693959599
2022-01-24,186938.64747372793,221312.13876270107
2022-01-25,187238.79001031947,221612.2812992926
2022-01-26,185716.25256419333,220089.74385316647
2022-01-27,184521.1531806664,218894.64446963955
2022-01-28,184502.9155292439,218876.40681821704
2022-01-31,184502.9155292439,218876.40681821704
2022-02-01,184502.9155292439,218876.40681821704
2022-02-02,184502.9155292439,218876.40681821704
2022-02-03,184502.9155292439,218876.40681821704
2022-02-04,184502.9155292439,218876.40681821704
2022-02-07,184502.9155292439,218876.40681821704
2022-02-08,184502.9155292439,218876.40681821704
2022-02-09,184502.9155292439,218876.40681821704
2022-02-10,184502.9155292439,218876.40681821704
2022-02-11,184502.9155292439,218876.40681821704
2022-02-14,184502.9155292439,218876.40681821704
2022-02-15,184502.9155292439,218876.40681821704
2022-02-16,184502.9155292439,218876.40681821704
2022-02-17,184502.9155292439,218876.40681821704
2022-02-18,184435.20358092303,218808.69486989616
2022-02-22,184627.920369049,219001.41165802215
2022-02-23,185044.58727357574,219418.07856254888
2022-02-24,184445.62263775972,218819.11392673285
2022-02-25,184119.07145668686,218492.56274566
2022-02-28,185074.89747173205,219448.3887607052
2022-03-01,186767.17280280276,221140.6640917759
2022-03-02,185780.0095364117,220153.50082538484
2022-03-03,186338.88375141058,220712.37504038372
2022-03-04,187843.12760460682,222216.61889357996
2022-03-07,189269.03629923787,223642.527588211
2022-03-08,191932.80627102673,226306.29755999986
2022-03-09,188960.87603460456,223334.3673235777
2022-03-10,189263.80811081396,223637.2993997871
2022-03-11,188579.58489043172,222953.07617940486
2022-03-14,187122.34691425422,221495.83820322735
2022-03-15,185341.27207797108,219714.76336694421
2022-03-16,185926.25535589186,220299.746644865
2022-03-17,186385.8896284293,220759.38091740242
2022-03-18,185555.42058856686,219928.91187754
2022-03-21,186270.98106029493,220644.47234926806
2022-03-22,185586.7578399127,219960.24912888583
2022-03-23,186866.41274526413,221239.90403423726
2022-03-24,187555.8641540703,221929.35544304343
2022-03-25,187151.2092671552,221524.70055612834
2022-03-28,185444.26888410526,219817.7601730784
2022-03-29,185485.40082834798,219858.8921173211
2022-03-30,186225.76013448453,220599.25142345767
2022-03-31,186261.7456824993,220635.23697147245
2022-04-01,185670.49065488213,220043.98194385527
2022-04-04,186117.78780020788,220491.27908918101
2022-04-05,185536.81771993043,219910.30900890357
2022-04-06,185752.75454336757,220126.2458323407
2022-04-07,186102.3643017564,220475.85559072954
2022-04-08,186683.34222715002,221056.83351612315
2022-04-11,187146.06287092727,221519.5541599004
2022-04-12,187865.86012750055,222239.35141647368
2022-04-13,188318.2958239381,222691.78711291123
2022-04-14,188004.67161356402,222378.16290253715
2022-04-18,188297.73377437482,222671.22506334796
2022-04-19,186863.2935025724,221236.78479154553
2022-04-20,187320.87559523789,221694.36688421102
2022-04-21,186986.68149018436,221360.1727791575
2022-04-22,186050.35908284076,220423.8503718139
2022-04-25,184370.357476791,218743.84876576412
2022-04-26,184510.36024796052,218883.85153693365
2022-04-27,183815.5366615612,218189.02795053434
2022-04-28,184308.12962738448,218681.6209163576
2022-04-29,184279.3719054519,218652.86319442504
2022-05-02,182570.96013717173,216944.45142614486
2022-05-03,182810.55010901077,217184.0413979839
2022-05-04,183701.21982884372,218074.71111781686
2022-05-05,183352.24629757987,217725.737586553
2022-05-06,183503.2914582911,217876.78274726422
2022-05-09,182180.31705696764,216553.80834594078
2022-05-10,181419.8616972027,215793.35298617583
2022-05-11,182149.06688217592,216522.55817114905
2022-05-12,180768.78989686258,215142.28118583572
2022-05-13,180050.00408603786,214423.495375011
2022-05-16,180888.5848827821,215262.07617175524
2022-05-17,180331.27155447094,214704.76284344407
2022-05-18,180378.1468166585,214751.63810563163
2022-05-19,181675.0847040914,216048.57599306453
2022-05-20,181657.16408312856,216030.6553721017
2022-05-23,181657.16408312856,216030.6553721017
2022-05-24,181657.16408312856,216030.6553721017
2022-05-25,181657.16408312856,216030.6553721017
2022-05-26,181657.16408312856,216030.6553721017
2022-05-27,181657.16408312856,216030.6553721017
2022-05-31,181657.16408312856,216030.6553721017
2022-06-01,181657.16408312856,216030.6553721017
2022-06-02,181657.16408312856,216030.6553721017
2022-06-03,181657.16408312856,216030.6553721017
2022-06-06,181657.16408312856,216030.6553721017
2022-06-07,181657.16408312856,216030.6553721017
2022-06-08,181657.16408312856,216030.6553721017
2022-06-09,181657.16408312856,216030.6553721017
2022-06-10,181657.16408312856,216030.6553721017
2022-06-13,181657.16408312856,216030.6553721017
2022-06-14,181657.16408312856,216030.6553721017
2022-06-15,181657.16408312856,216030.6553721017
2022-06-16,181657.16408312856,216030.6553721017
2022-06-17,181657.16408312856,216030.6553721017
2022-06-21,181657.16408312856,216030.6553721017
2022-06-22,181657.16408312856,216030.6553721017
2022-06-23,181657.16408312856,216030.6553721017
2022-06-24,181657.16408312856,216030.6553721017
2022-06-27,181657.16408312856,216030.6553721017
2022-06-28,181657.16408312856,216030.6553721017
2022-06-29,181657.16408312856,216030.6553721017
2022-06-30,181657.16408312856,216030.6553721017
2022-07-01,181657.16408312856,216030.6553721017
2022-07-05,181657.16408312856,216030.6553721017
2022-07-06,181657.16408312856,216030.6553721017
2022-07-07,181657.16408312856,216030.6553721017
2022-07-08,181657.16408312856,216030.6553721017
2022-07-11,181657.16408312856,216030.6553721017
2022-07-12,181657.16408312856,216030.6553721017
2022-07-13,181657.16408312856,216030.6553721017
2022-07-14,181657.16408312856,216030.6553721017
2022-07-15,181657.16408312856,216030.6553721017
2022-07-18,181657.16408312856,216030.6553721017
2022-07-19,181657.16408312856,216030.6553721017
2022-07-20,181657.16408312856,216030.6553721017
2022-07-21,181657.16408312856,216030.6553721017
2022-07-22,181657.16408312856,216030.6553721017
2022-07-25,181657.16408312856,216030.6553721017
2022-07-26,181657.16408312856,216030.6553721017
2022-07-27,181657.16408312856,216030.6553721017
2022-07-28,181657.16408312856,216030.6553721017
2022-07-29,181657.16408312856,216030.6553721017
2022-08-01,181657.16408312856,216030.6553721017
2022-08-02,181657.16408312856,216030.6553721017
2022-08-03,181657.16408312856,216030.6553721017
2022-08-04,181657.16408312856,216030.6553721017
2022-08-05,181657.16408312856,216030.6553721017
2022-08-08,181657.16408312856,216030.6553721017
2022-08-09,181657.16408312856,216030.6553721017
2022-08-10,181657.16408312856,216030.6553721017
2022-08-11,181657.16408312856,216030.6553721017
2022-08-12,181657.16408312856,216030.6553721017
2022-08-15,181657.16408312856,216030.6553721017
2022-08-16,181657.16408312856,216030.6553721017
2022-08-17,181657.16408312856,216030.6553721017
2022-08-18,181657.16408312856,216030.6553721017
2022-08-19,181657.16408312856,216030.6553721017
2022-08-22,181657.16408312856,216030.6553721017
2022-08-23,181657.16408312856,216030.6553721017
2022-08-24,181657.16408312856,216030.6553721017
2022-08-25,181657.16408312856,216030.6553721017
2022-08-26,181657.16408312856,216030.6553721017
2022-08-29,181657.16408312856,216030.6553721017
2022-08-30,181657.16408312856,216030.6553721017
2022-08-31,181657.16408312856,216030.6553721017
2022-09-01,181657.16408312856,216030.6553721017
2022-09-02,181657.16408312856,216030.6553721017
2022-09-06,181657.16408312856,216030.6553721017
2022-09-07,181657.16408312856,216030.6553721017
2022-09-08,181657.16408312856,216030.6553721017
2022-09-09,181657.16408312856,216030.6553721017
2022-09-12,181657.16408312856,216030.6553721017
2022-09-13,181657.16408312856,216030.6553721017
2022-09-14,181657.16408312856,216030.6553721017
2022-09-15,181657.16408312856,216030.6553721017
2022-09-16,181657.16408312856,216030.6553721017
2022-09-19,181657.16408312856,216030.6553721017
2022-09-20,181657.16408312856,216030.6553721017
2022-09-21,181657.16408312856,216030.6553721017
2022-09-22,181657.16408312856,216030.6553721017
2022-09-23,181657.16408312856,216030.6553721017
2022-09-26,181657.16408312856,216030.6553721017
2022-09-27,181657.16408312856,216030.6553721017
2022-09-28,181657.16408312856,216030.6553721017
2022-09-29,181657.16408312856,216030.6553721017
2022-09-30,181657.16408312856,216030.6553721017
2022-10-03,181657.16408312856,216030.6553721017
2022-10-04,181657.16408312856,216030.6553721017
2022-10-05,181657.16408312856,216030.6553721017
2022-10-06,181657.16408312856,216030.6553721017
2022-10-07,181657.16408312856,216030.6553721017
2022-10-10,181657.16408312856,216030.6553721017
2022-10-11,181657.16408312856,216030.6553721017
2022-10-12,181657.16408312856,216030.6553721017
2022-10-13,181657.16408312856,216030.6553721017
2022-10-14,181657.16408312856,216030.6553721017
2022-10-17,181657.16408312856,216030.6553721017
2022-10-18,181657.16408312856,216030.6553721017
2022-10-19,181657.16408312856,216030.6553721017
2022-10-20,181657.16408312856,216030.6553721017
2022-10-21,181657.16408312856,216030.6553721017
2022-10-24,181657.16408312856,216030.6553721017
2022-10-25,181657.16408312856,216030.6553721017
2022-10-26,181657.16408312856,216030.6553721017
2022-10-27,181657.16408312856,216030.6553721017
2022-10-28,181657.16408312856,216030.6553721017
2022-10-31,181657.16408312856,216030.6553721017
2022-11-01,181657.16408312856,216030.6553721017
2022-11-02,181657.16408312856,216030.6553721017
2022-11-03,181657.16408312856,216030.6553721017
2022-11-04,181657.16408312856,216030.6553721017
2022-11-07,181657.16408312856,216030.6553721017
2022-11-08,181657.16408312856,216030.6553721017
2022-11-09,181657.16408312856,216030.6553721017
2022-11-10,181657.16408312856,216030.6553721017
2022-11-11,181657.16408312856,216030.6553721017
2022-11-14,181657.16408312856,216030.6553721017
2022-11-15,181657.16408312856,216030.6553721017
2022-11-16,181657.16408312856,216030.6553721017
2022-11-17,181657.16408312856,216030.6553721017
2022-11-18,181657.16408312856,216030.6553721017
2022-11-21,181657.16408312856,216030.6553721017
2022-11-22,181657.16408312856,216030.6553721017
2022-11-23,181657.16408312856,216030.6553721017
2022-11-25,181657.16408312856,216030.6553721017
2022-11-28,181657.16408312856,216030.6553721017
2022-11-29,181657.16408312856,216030.6553721017
2022-11-30,181657.16408312856,216030.6553721017
2022-12-01,181657.16408312856,216030.6553721017
2022-12-02,181657.16408312856,216030.6553721017
2022-12-05,181657.16408312856,216030.6553721017
2022-12-06,181657.16408312856,216030.6553721017
2022-12-07,181657.16408312856,216030.6553721017
2022-12-08,181657.16408312856,216030.6553721017
2022-12-09,181657.16408312856,216030.6553721017
2022-12-12,181657.16408312856,216030.6553721017
2022-12-13,181657.16408312856,216030.6553721017
2022-12-14,181657.16408312856,216030.6553721017
2022-12-15,181657.16408312856,216030.6553721017
2022-12-16,181657.16408312856,216030.6553721017
2022-12-19,181657.16408312856,216030.6553721017
2022-12-20,181657.16408312856,216030.6553721017
2022-12-21,181657.16408312856,216030.6553721017
2022-12-22,181657.16408312856,216030.6553721017
2022-12-23,181657.16408312856,216030.6553721017
2022-12-27,181657.16408312856,216030.6553721017
2022-12-28,181657.16408312856,216030.6553721017
2022-12-29,181657.16408312856,216030.6553721017
2022-12-30,182080.14197902556,216453.6332679987
2023-01-03,182840.4368425658,217213.92813153894
2023-01-04,183702.46273887812,218075.95402785126
2023-01-05,182551.3138487679,216924.80513774103
2023-01-06,184259.30370672906,218632.7949957022
2023-01-09,184468.11702720943,218841.60831618257
2023-01-10,184810.7852497889,219184.27653876203
2023-01-11,184746.52934128002,219120.02063025316
2023-01-12,185828.07923780003,220201.57052677317
2023-01-13,186963.16619324675,221336.6574822199
2023-01-17,186336.7262318056,220710.21752077874
2023-01-18,186063.6651726712,220437.15646164434
2023-01-19,187568.19296508818,221941.6842540613
2023-01-20,187246.9379321084,221620.42922108155
2023-01-23,187428.98680805287,221802.478097026
2023-01-24,187777.00628556855,222150.4975745417
2023-01-25,188221.40554092012,222594.89682989326
2023-01-26,187343.31770994427,221716.8089989174
2023-01-27,186910.0091199142,221283.50040888734
2023-01-30,186218.64324979152,220592.13453876466
2023-01-31,187653.54045743338,222027.03174640652
2023-02-01,189414.45164397464,223787.94293294777
2023-02-02,187315.36696415237,221688.8582531255
2023-02-03,184260.56110993607,218634.0523989092
2023-02-06,184255.42857757854,218628.91986655167
2023-02-07,184777.11461094106,219150.6058999142
2023-02-08,184087.02933036012,218460.52061933326
2023-02-09,182798.89645936797,217172.3877483411
2023-02-10,183834.63992102278,218208.13120999592
2023-02-13,184160.70766416617,218534.1989531393
2023-02-14,183481.33533025678,217854.82661922992
2023-02-15,182814.3711992722,217187.86248824533
2023-02-16,182200.05177061533,216573.54305958847
2023-02-17,184612.06776042382,218985.55904939695
2023-02-21,183446.91728774723,217820.40857672037
2023-02-22,182409.11533398,216782.60662295314
2023-02-23,181869.79019667197,216243.2814856451
2023-02-24,179385.23814158852,213758.72943056165
2023-02-27,180302.4875597499,214675.97884872303
2023-02-28,179384.0161662065,213757.50745517964
2023-03-01,180499.49291170755,214872.9842006807
2023-03-02,180530.46230256133,214903.95359153446
2023-03-03,178993.96064683632,213367.45193580945
2023-03-06,178904.81516577254,213278.30645474567
2023-03-07,176919.80054222452,211293.29183119765
2023-03-08,175787.5696510544,210161.06094002753
2023-03-09,172685.5821842401,207059.07347321324
2023-03-10,172769.4624121769,207142.95370115002
2023-03-13,183641.83492728425,218015.32621625738
2023-03-14,185094.82022678136,219468.3115157545
2023-03-15,184559.65991542838,218933.1512044015
2023-03-16,186761.34194980917,221134.8332387823
2023-03-17,192281.53402121225,226655.0253101854
2023-03-20,193524.7771846254,227898.26847359852
2023-03-21,193327.7855024537,227701.27679142685
2023-03-22,191920.32847329864,226293.81976227177
2023-03-23,194383.23811279933,228756.72940177246
2023-03-24,192832.1649530794,227205.65624205253
2023-03-27,191622.9513118532,225996.44260082633
2023-03-28,192050.68644519144,226424.17773416458
2023-03-29,193196.82366114797,227570.3149501211
2023-03-30,193162.9621840114,227536.45347298455
2023-03-31,193944.9680429088,228318.45933188192
2023-04-03,193688.65528365423,228062.14657262736
2023-04-04,194802.46056171795,229175.95185069108
2023-04-05,195107.2603215712,229480.75161054434
2023-04-06,194850.6122687168,229224.10355768993
2023-04-10,196028.98900404936,230402.4802930225
2023-04-11,196925.38189952567,231298.8731884988
2023-04-12,197078.6662686287,231452.15755760184
2023-04-13,197883.02290981004,232256.51419878317
2023-04-14,197012.70683513838,231386.1981241115
2023-04-17,195734.71942404617,230108.2107130193
2023-04-18,196840.09020170762,231213.58149068075
2023-04-19,194904.93652181662,229278.42781078976
2023-04-20,194572.0031255759,228945.49441454903
2023-04-21,193029.62432917955,227403.1156181527
2023-04-24,193646.40364294974,228019.89493192287
2023-04-25,194819.79212563374,229193.28341460688
2023-04-26,194243.24388966608,228616.7351786392
2023-04-27,195721.33954499135,230094.8308339645
2023-04-28,195947.90353149126,230321.3948204644
2023-05-01,194163.68184273972,228537.17313171286
2023-05-02,195560.73340769057,229934.2246966637
2023-05-03,196284.1057659743,230657.59705494743
2023-05-04,196161.49667598345,230534.98796495658
2023-05-05,196549.81134472613,230923.30263369926
2023-05-08,194327.84080695838,228701.33209593152
2023-05-09,194403.04335013896,228776.5346391121
2023-05-10,194697.48223289213,229070.97352186526
2023-05-11,193773.9624910031,228147.45377997623
2023-05-12,193294.8742173359,227668.36550630903
2023-05-15,193739.083643129,228112.57493210214
2023-05-16,192694.26167682608,227067.7529657992
2023-05-17,193021.60737821474,227395.09866718788
2023-05-18,191805.61342336598,226179.10471233912
2023-05-19,192077.6927154283,226451.18400440144
2023-05-22,191826.0595506699,226199.55083964302
2023-05-23,192053.4195540611,226426.91084303425
2023-05-24,190433.25092918277,224806.7422181559
2023-05-25,189990.0414694328,224363.53275840593
2023-05-26,190547.72551085745,224921.21679983058
2023-05-30,191938.54285458138,226312.0341435545
2023-05-31,191323.1683372227,225696.65962619585
2023-06-01,191193.61521220522,225567.10650117835
2023-06-02,191594.13480356213,225967.62609253527
2023-06-05,189782.81591047472,224156.30719944785
2023-06-06,191625.30048580185,225998.791774775
2023-06-07,189932.7502515233,224306.24154049644
2023-06-08,190814.41315739194,225187.90444636508
2023-06-09,190636.33390785436,225009.8251968275
2023-06-12,190015.4515711061,224388.94286007923
2023-06-13,189898.1414086701,224271.63269764325
2023-06-14,188849.63748365708,223223.1287726302
2023-06-15,190205.37649781213,224578.86778678527
2023-06-16,191118.09885344803,225491.59014242116
2023-06-20,193170.07162998462,227543.56291895776
2023-06-21,195401.6236795569,229775.11496853005
2023-06-22,194927.21646029173,229300.70774926487
2023-06-23,196371.34001839213,230744.83130736527
2023-06-26,195390.03932713566,229763.5306161088
2023-06-27,197101.99755625392,231475.48884522705
2023-06-28,194981.17092883404,229354.66221780717
2023-06-29,196567.14593327206,230940.6372222452
2023-06-30,197224.07696118412,231597.56825015726
2023-07-03,198701.2128907664,233074.70417973952
2023-07-05,197120.94588600862,231494.43717498175
2023-07-06,195373.14931671947,229746.6406056926
2023-07-07,195888.73439731586,230262.225686289
2023-07-10,196344.12718891687,230717.61847789
2023-07-11,197302.81283984042,231676.30412881356
2023-07-12,196910.73711984282,231284.22840881595
2023-07-13,199469.91327281375,233843.40456178688
2023-07-14,196701.59041708204,231075.08170605518
2023-07-17,196309.86992624126,230683.3612152144
2023-07-18,195813.65536217912,230187.14665115226
2023-07-19,196275.4450365224,230648.93632549554
2023-07-20,196422.53155089432,230796.02283986745
2023-07-21,196742.76700329204,231116.25829226518
2023-07-24,194956.2681689867,229329.75945795982
2023-07-25,195550.5193102678,229924.01059924092
2023-07-26,195959.49281749112,230332.98410646425
2023-07-27,194108.11330802742,228481.60459700055
2023-07-28,194472.08050628577,228845.5717952589
2023-07-31,194160.08995461106,228533.5812435842
2023-08-01,195212.86259696566,229586.3538859388
2023-08-02,193544.1229419696,227917.61423094274
2023-08-03,193316.17686659747,227689.6681555706
2023-08-04,192501.78198052314,226875.27326949628
2023-08-07,193510.52090148555,227884.01219045868
2023-08-08,194935.3646731247,229308.85596209785
2023-08-09,194485.60954647086,228859.100835444
2023-08-10,194074.91845542737,228448.4097444005
2023-08-11,194217.67516283868,228591.16645181182
2023-08-14,194333.66443832932,228707.15572730245
2023-08-15,192984.50916767961,227358.00045665275
2023-08-16,191450.84287501924,225824.33416399237
2023-08-17,185286.1028938684,219659.59418284154
2023-08-18,183564.22367878104,217937.71496775417
2023-08-21,183797.3385311726,218170.82982014574
2023-08-22,183349.03936833268,217722.53065730582
2023-08-23,185069.96747212906,219443.4587611022
2023-08-24,183684.75114555628,218058.2424345294
2023-08-25,184184.67877758856,218558.1700665617
2023-08-28,184542.92657262157,218916.4178615947
2023-08-29,185271.76871004212,219645.25999901525
2023-08-30,185395.30015750462,219768.79144647776
2023-08-31,184864.10645105503,219237.59774002817
2023-09-01,185049.40833467146,219422.8996236446
2023-09-05,184394.68318075934,218768.17446973248
2023-09-06,184085.8498496804,218459.34113865354
2023-09-07,184407.0391529592,218780.53044193232
2023-09-08,184678.81399228392,219052.30528125705
2023-09-11,185024.70581511708,219398.1971040902
2023-09-12,184641.74607568438,219015.2373646575
2023-09-13,184839.40393150065,219212.8952204738
2023-09-14,185531.18757716697,219904.6788661401
2023-09-15,184814.69198710096,219188.1832760741
2023-09-18,184938.23285940877,219311.7241483819
2023-09-19,185024.70581511708,219398.1971040902
2023-09-20,185074.12027907115,219447.6115680443
2023-09-21,183937.6064578182,218311.09774679135
2023-09-22,183891.8435370809,218265.33482605402
2023-09-25,183891.8435370809,218265.33482605402
2023-09-26,183891.8435370809,218265.33482605402
2023-09-27,183891.8435370809,218265.33482605402
2023-09-28,183891.8435370809,218265.33482605402
2023-09-29,183891.8435370809,218265.33482605402
2023-10-02,183891.8435370809,218265.33482605402
2023-10-03,183891.8435370809,218265.33482605402
2023-10-04,183891.8435370809,218265.33482605402
2023-10-05,183891.8435370809,218265.33482605402
2023-10-06,183891.8435370809,218265.33482605402
2023-10-09,183891.8435370809,218265.33482605402
2023-10-10,183891.8435370809,218265.33482605402
2023-10-11,183891.8435370809,218265.33482605402
2023-10-12,183891.8435370809,218265.33482605402
2023-10-13,183891.8435370809,218265.33482605402
2023-10-16,183891.8435370809,218265.33482605402
2023-10-17,183891.8435370809,218265.33482605402
2023-10-18,183891.8435370809,218265.33482605402
2023-10-19,183891.8435370809,218265.33482605402
2023-10-20,183891.8435370809,218265.33482605402
2023-10-23,183891.8435370809,218265.33482605402
2023-10-24,183891.8435370809,218265.33482605402
2023-10-25,183891.8435370809,218265.33482605402
2023-10-26,183891.8435370809,218265.33482605402
2023-10-27,184209.76244345336,218583.2537324265
2023-10-30,185102.02677057055,219475.51805954368
2023-10-31,185060.73837995392,219434.22966892706
2023-11-01,186536.7196819815,220910.21097095465
2023-11-02,185674.25218939554,220047.74347836868
2023-11-03,185417.2439236966,219790.73521266974
2023-11-06,185502.33818240045,219875.82947137358
2023-11-07,186084.45082847928,220457.94211745242
2023-11-08,185811.1434105489,220184.63469952202
2023-11-09,188376.64153399022,222750.13282296335
2023-11-10,188777.4418220484,223150.93311102153
2023-11-13,187503.2443238069,221876.73561278003
2023-11-14,186159.35118774435,220532.8424767175
2023-11-15,190812.49961610706,225185.9909050802
2023-11-16,188072.10657768056,222445.5978666537
2023-11-17,188919.0516134314,223292.54290240453
2023-11-20,190651.58505459042,225025.07634356356
2023-11-21,187950.62131364236,222324.1126026155
2023-11-22,191039.60644537798,225413.09773435112
2023-11-24,191812.0729414257,226185.56423039883
2023-11-27,191341.54803012652,225715.03931909965
2023-11-28,192894.62228051093,227268.11356948406
2023-11-29,192961.01129793876,227334.5025869119
2023-11-30,193066.8957914832,227440.38708045633
2023-12-01,195819.30366263352,230192.79495160666
2023-12-04,199360.48234505262,233733.97363402575
2023-12-05,202033.90753188616,236407.3988208593
2023-12-06,201693.4924137803,236066.98370275344
2023-12-07,201166.19193592086,235539.683224894
2023-12-08,201489.26510646602,235862.75639543915
2023-12-11,197533.24457084245,231906.73585981558
2023-12-12,198023.21786893744,232396.70915791058
2023-12-13,201936.46742027154,236309.95870924467
2023-12-14,201863.68200689057,236237.1732958637
2023-12-15,199388.2405017932,233761.73179076632
2023-12-18,200967.23893134933,235340.73022032247
2023-12-19,200966.11879324508,235339.61008221822
2023-12-20,201507.6973830461,235881.18867201923
2023-12-21,202638.58533705107,237012.0766260242
2023-12-22,203060.9390210146,237434.43030998774
2023-12-26,201975.24207236135,236348.73336133448
2023-12-27,203643.16272219928,238016.65401117242
2023-12-28,202381.85442394734,236755.34571292048
2023-12-29,199653.78770856978,235942.32897264295
2024-01-02,202892.59412027537,239181.13538434854
2024-01-03,200013.97667118072,236302.51793525388
2024-01-04,201231.72837639277,237520.26964046594
2024-01-05,200900.86652817944,237189.4077922526
2024-01-08,204181.22548195286,240469.76674602603
2024-01-09,203158.50779056337,239447.04905463653
2024-01-10,203639.3609246053,239927.90218867848
2024-01-11,203657.41909450258,239945.96035857574
2024-01-12,200385.04303124084,236673.584295314
2024-01-16,199725.36184232897,236013.90310640214
2024-01-17,198447.18782076353,234735.7290848367
2024-01-18,197265.7512012199,233554.29246529305
2024-01-19,198145.74652439667,234434.28778846984
2024-01-22,195760.05939352463,232048.6006575978
2024-01-23,196431.4261631736,232719.96742724677
2024-01-24,195939.3546683581,232227.89593243127
2024-01-25,196433.95638753744,232722.4976516106
2024-01-26,198466.13883211053,234754.6800961837
2024-01-29,200975.7464254447,237264.28768951786
2024-01-30,200883.01242950928,237171.55369358245
2024-01-31,200358.98830506954,236647.5295691427
2024-02-01,202320.04802247416,238608.58928654733
2024-02-02,201100.70048520673,237389.2417492799
2024-02-05,199433.6331402064,235722.17440427956
2024-02-06,200552.31396180662,236840.8552258798
2024-02-07,202110.34237859418,238398.88364266735
2024-02-08,202982.78592285898,239271.32718693215
2024-02-09,204689.01436797786,240977.55563205102
2024-02-12,207594.9325367857,243883.47380085886
2024-02-13,205777.98925190495,242066.5305159781
2024-02-14,208418.8164323063,244707.35769637948
2024-02-15,209343.3147633129,245631.85602738606
2024-02-16,209358.8733373396,245647.41460141278
2024-02-20,209838.95295147976,246127.49421555293
2024-02-21,209392.5091207293,245681.05038480245
2024-02-22,209392.3951611496,245680.93642522275
2024-02-23,209424.76467534975,245713.30593942292
2024-02-26,212896.52657382496,249185.06783789812
2024-02-27,215386.78245975613,251675.3237238293
2024-02-28,221298.27013611599,257586.81140018915
2024-02-29,220255.3408766715,256543.88214074465
2024-03-01,222774.85194744184,259063.393211515
2024-03-04,228779.81041031654,265068.35167438973
2024-03-05,225105.14880626634,261393.69007033954
2024-03-06,228080.4260460649,264368.9673101381
2024-03-07,229396.97250719048,265685.5137712637
2024-03-08,230928.2574732722,267216.79873734544
2024-03-11,234359.43912343713,270647.9803875104
2024-03-12,233206.7238690196,269495.2651330928
2024-03-13,234752.5736962764,271041.11496034963
2024-03-14,232527.21331677283,268815.75458084606
2024-03-15,230424.5607210953,266713.1019851685
2024-03-18,229020.05807071633,265308.59933478956
2024-03-19,224707.5669598513,260996.10822392453
2024-03-20,230656.54761905238,266945.0888831256
2024-03-21,228447.5025541409,264736.0438182141
2024-03-22,226484.2637230384,262772.8049871116
2024-03-25,231867.64875566293,268156.1900197361
2024-03-26,232156.54704694104,268445.08831101423
2024-03-27,232976.54924560516,269265.09050967835
2024-03-28,234961.27436848916,271249.8156325623
2024-04-01,233901.6744304315,270190.2156945047
2024-04-02,230549.77187024293,266838.31313431606
2024-04-03,231490.31302814223,267778.8542922154
2024-04-04,233102.065561615,269390.60682568816
2024-04-05,233397.10890530716,269685.6501693803
2024-04-08,236875.3214923008,273163.86275637394
2024-04-09,235312.05038297773,271600.59164705087
2024-04-10,234665.30226505862,270953.8435291318
2024-04-11,235210.43950156454,271498.9807656377
2024-04-12,231439.63430061552,267728.17556468863
2024-04-15,228609.71894610606,264898.2602101792
2024-04-16,228764.47621992073,265053.01748399384
2024-04-17,226433.4537928661,262721.9950569392
2024-04-18,228464.8036458591,264753.3449099322
2024-04-19,229319.5045108139,265608.04577488697
2024-04-22,230702.93269356334,266991.47395763645
2024-04-23,230446.82254134424,266735.3638054174
2024-04-24,228382.01214032446,264670.5534043976
2024-04-25,228628.1153135806,264916.6565776538
2024-04-26,227854.67827485624,264143.21953892946
2024-04-29,228060.7882755281,264349.32953960134
2024-04-30,223507.4883304905,259796.02959456376
2024-05-01,221816.33836819147,258104.87963226472
2024-05-02,222625.8558302338,258914.39709430706
2024-05-03,226157.06802974548,262445.60929381876
2024-05-06,227324.22227221803,263612.7635362913
2024-05-07,226704.05240865264,262992.59367272595
2024-05-08,225547.69912156256,261836.24038563587
2024-05-09,228397.39967163105,264685.94093570433
2024-05-10,226906.58409142305,263195.1253554963
2024-05-13,228228.44702931357,264516.9882933868
2024-05-14,227507.76297455997,263796.30423863325
2024-05-15,233019.36963078604,269307.91089485935
2024-05-16,232061.4274291876,268349.9686932609
2024-05-17,234641.5054362766,270930.04670034995
2024-05-20,238554.6331275137,274843.17439158703
2024-05-21,237308.91870126748,273597.45996534085
2024-05-22,235327.3550013651,271615.89626543847
2024-05-23,232485.24888547073,268773.79014954413
2024-05-24,233012.36630920361,269300.907573277
2024-05-28,232881.9422903028,269170.48355437623
2024-05-29,231315.25245023533,267603.79371430876
2024-05-30,232148.96758561124,268437.5088496847
2024-05-31,231705.8369579553,267994.3782220287
2024-06-03,233439.67348266023,269728.21474673366
2024-06-04,234915.5293362286,271204.070600302
2024-06-05,236391.35690991709,272679.89817399054
2024-06-06,236619.1448473806,272907.6861114541
2024-06-07,232573.99126778764,268862.5325318611
2024-06-10,233504.39092824238,269792.9321923158
2024-06-11,231233.68182088566,267522.2230849591
2024-06-12,232239.786963977,268528.32822805044
2024-06-13,230212.31781484865,266500.8590789221
2024-06-14,230305.27897862223,266593.8202426957
2024-06-17,230969.16179964028,267257.70306371374
2024-06-18,230002.018371694,266290.5596357675
2024-06-20,230902.9346888691,267191.4759529426
2024-06-21,229228.0916213239,265516.6328853974
2024-06-24,226410.90517481536,262699.4464388889
2024-06-25,227265.81191475462,263554.35317882814
2024-06-26,225250.76770321355,261539.30896728707
2024-06-27,226864.62835576475,263153.1696198383
2024-06-28,226280.80063681916,262569.34190089273
2024-07-01,225734.79264780035,262023.33391187392
2024-07-02,226248.8398818077,262537.38114588126
2024-07-03,227470.3165258297,263758.85778990324
2024-07-05,229150.36746093378,265438.9087250073
2024-07-08,228265.22016678104,264553.76143085456
2024-07-09,228136.9459106079,264425.48717468145
2024-07-10,229085.514158351,265374.0554224245
2024-07-11,231254.45900653393,267543.0002706074
2024-07-12,231943.5426241347,268232.08388820814
2024-07-15,232061.841681012,268350.38294508547
2024-07-16,234726.72095404778,271015.26221812126
2024-07-17,234571.86527004457,270860.40653411805
2024-07-18,233411.0909129283,269699.6321770018
2024-07-19,231149.65574294823,267438.19700702175
2024-07-22,231452.59925736,267741.14052143355
2024-07-23,231405.33925121964,267693.8805152932
2024-07-24,230681.80732412214,266970.34858819575
2024-07-25,229757.80337928928,266046.34464336286
2024-07-26,232981.99398740192,269270.5352514755
2024-07-29,232147.69307945634,268436.23434352997
2024-07-30,232504.0117662199,268792.55303029355
2024-07-31,232818.06138653192,269106.6026506056
2024-08-01,233520.4543376803,269808.995601754
2024-08-02,230380.1721174647,266668.7133815384
2024-08-05,221351.43085016598,257639.97211423967
2024-08-06,222667.8773539686,258956.41861804228
2024-08-07,221446.48034723106,257735.02161130475
2024-08-08,229266.83125963766,265555.37252371135
2024-08-09,228953.58122488056,265242.1224889542
2024-08-12,228603.5548644695,264892.0961285432
2024-08-13,230433.13122992826,266721.672494002
2024-08-14,228637.90405127747,264926.4453153512
2024-08-15,227757.10290847204,264045.64417254576
2024-08-16,230621.21503028876,266909.7562943625
2024-08-19,231552.75362559897,267841.29488967266
2024-08-20,231592.35462899058,267880.89589306427
2024-08-21,234015.5811238456,270304.1223879193
2024-08-22,232106.2021897051,268394.7434537788
2024-08-23,233666.90249514216,269955.4437592159
2024-08-26,233878.65850542733,270167.19976950105
2024-08-27,234211.35480340524,270499.8960674789
2024-08-28,233530.7489651913,269819.290229265
2024-08-29,234053.5081071589,270342.04937123257
2024-08-30,233688.7333783315,269977.27464240516
2024-09-03,233430.0649769363,269718.60624100995
2024-09-04,233987.91634246174,270276.4576065354
2024-09-05,234256.9583884316,270545.49965250527
2024-09-06,233029.56107607044,269318.1023401441
2024-09-09,234152.8533367764,270441.39460085006
2024-09-10,235014.66660835705,271303.2078724307
2024-09-11,234756.60937190126,271045.1506359749
2024-09-12,236456.21728200623,272744.75854607986
2024-09-13,237888.68333263104,274177.22459670465
2024-09-16,238501.48367400415,274790.0249380778
2024-09-17,237458.589571626,273747.1308356996
2024-09-18,236110.53958468867,272399.0808487623
2024-09-19,237656.1293798663,273944.6706439399
2024-09-20,238458.7227187962,274747.26398286974
2024-09-23,238862.15202948364,275150.6932935572
2024-09-24,240380.6259628474,276669.16722692095
2024-09-25,238651.87247293766,274940.4137370112
2024-09-26,240770.95420168183,277059.49546575535
2024-09-27,241019.18120634923,277307.7224704227
2024-09-30,238530.45932430803,274819.0005883815
2024-10-01,237130.6126599866,273419.15392406005
2024-10-02,236713.88349842964,273002.4247625031
2024-10-03,236316.23811005577,272604.77937412926
2024-10-04,237020.7000494494,273309.24131352286
2024-10-07,236192.08762372896,272480.6288878024
2024-10-08,236182.80380317706,272471.3450672505
2024-10-09,234821.64647240646,271110.1877364799
2024-10-10,234776.96737646163,271065.5086405351
2024-10-11,237581.07647814567,273869.6177422191
2024-10-14,240838.43244049235,277126.9737045658
2024-10-15,241922.73967982834,278211.2809439018
2024-10-16,243045.28208699854,279333.82335107203
2024-10-17,243005.16049022684,279293.70175430033
2024-10-18,244431.2813692529,280719.8226333264
2024-10-21,242907.57730805516,279196.11857212865
2024-10-22,243240.87164543133,279529.4129095048
2024-10-23,241571.56901145427,277860.11027552775
2024-10-24,243315.86470675704,279604.4059708305
2024-10-25,241427.8627402638,277716.40400433727
2024-10-28,244778.80162189069,281067.34288596414
2024-10-29,248224.17250392816,284512.7137680016
2024-10-30,247909.09600036437,284197.6372644378
2024-10-31,244287.76373913212,280576.30500320555
2024-11-01,243232.7741298982,279521.3153939716
2024-11-04,241708.4821058445,277997.02336991794
2024-11-05,243910.42158336204,280198.9628474355
2024-11-06,249149.95393391495,285438.4951979884
2024-11-07,250565.79204702584,286854.33331109927
2024-11-08,251231.81416117062,287520.3554252441
2024-11-11,260431.33160092466,296719.8728649981
2024-11-12,259077.11894679914,295365.6602108726
2024-11-13,260783.42870325517,297071.96996732865
2024-11-14,256922.10651439632,293210.6477784698
2024-11-15,258944.49280140505,295233.03406547854
2024-11-18,259965.0034325272,296253.5446966007
2024-11-19,261822.49222830127,298111.03349237476
2024-11-20,264146.1513817503,300434.6926458238
2024-11-21,268591.4025789193,304879.9438429928
2024-11-22,269916.7321066841,306205.27337075764
2024-11-25,264609.1121877286,300897.6534518021
2024-11-26,264482.5286798968,300771.0699439703
2024-11-27,267053.7144183059,303342.2556823794
2024-11-29,268526.2392262889,304814.78049036243
2024-12-02,266685.90974706656,302974.4510111401
2024-12-03,266673.50908101944,302962.05034509295
2024-12-04,268814.6405009813,305103.1817650548
2024-12-05,266814.34802298207,303102.8892870556
2024-12-06,268639.3998261904,304927.9410902639
2024-12-09,267146.2152819561,303434.7565460296
2024-12-10,267291.01077082206,303579.5520348956
2024-12-11,270593.94102973153,306882.48229380505
2024-12-12,268767.5122734998,305056.0535375733
2024-12-13,268635.1964353883,304923.7376994618
2024-12-16,271392.02341687196,307680.5646809455
2024-12-17,270674.8049819629,306963.3462460364
2024-12-18,264392.7336125126,300681.2748765861
2024-12-19,262914.92043848,299203.4617025535
2024-12-20,263961.64683420514,300250.18809827865
2024-12-23,260974.47866836068,297263.0199324342
2024-12-24,265510.7737519326,301799.3150160061
2024-12-26,262779.3708851295,299067.912149203
2024-12-27,260608.45762947816,296896.9988935517
2024-12-30,258519.45109391594,294807.9923579895
2024-12-31,242827.6362882421,295878.2820178831
2025-01-02,246238.7877056229,299289.43343526387
2025-01-03,246763.99815093805,299814.64388057904
2025-01-06,248942.00766367587,301992.65339331684
2025-01-07,245777.98104751442,298828.6267771554
2025-01-08,245329.4710184178,298380.11674805876
2025-01-10,244683.17839817822,297733.82412781916
2025-01-13,244223.3077835386,297273.95351317956
2025-01-14,246349.6574354888,299400.30316512974
2025-01-15,250035.64917088766,303086.2949005286
2025-01-16,250431.032858606,303481.678588247
2025-01-17,253078.57821985154,306129.22394949256
2025-01-21,255927.81218575485,308978.4579153959
2025-01-22,254669.9300435136,307720.5757731546
2025-01-23,255002.57900950883,308053.22473914985
2025-01-24,255847.02042313578,308897.66615277686
2025-01-27,254101.56717249088,307152.21290213196
2025-01-28,254000.769814101,307051.41554374207
2025-01-29,255177.1939418729,308227.839671514
2025-01-30,257507.40073700677,310558.0464666479
2025-01-31,255670.81885068704,308721.46458032815
2025-02-03,255680.65301917258,308731.2987488137
2025-02-04,254007.84482841147,307058.4905580526
2025-02-05,254169.82008801118,307220.4658176523
2025-02-06,253980.8914596069,307031.537189248
2025-02-07,253696.31096584635,306746.95669548743
2025-02-10,255764.3815074187,308815.0272370598
2025-02-11,254445.85832336056,307496.50405300164
2025-02-12,255707.60519340273,308758.2509230438
2025-02-13,256140.69149380355,309191.33722344466
2025-02-14,255096.042037752,308146.6877673931
2025-02-18,255045.79876953346,308096.44449917454
2025-02-19,256265.84188060657,309316.4876102476
2025-02-20,257450.32746971954,310500.9731993606
2025-02-21,254668.8047275887,307719.45045722974
2025-02-24,251358.12063591141,304408.7663655525
2025-02-25,248343.4410132901,301394.0867429312
2025-02-26,243911.22942501376,296961.87515465484
2025-02-27,242866.09987911626,295916.7456087573
2025-02-28,242627.39810223083,295678.0438318719
2025-03-03,244668.22406079076,297718.8697904318
2025-03-04,245354.8507967586,298405.4965263997
2025-03-05,244936.05647429696,297986.70220393804
2025-03-06,244240.4429934631,297291.08872310416
2025-03-07,244151.7167739048,297202.3625035459
2025-03-10,243911.14232080744,296961.7880504485
2025-03-11,244915.55326514444,297966.19899478555
2025-03-12,245097.39197617664,298148.0377058178
2025-03-13,247796.27071277623,300846.91644241737
2025-03-14,247425.44655032226,300476.0922799634
2025-03-17,248214.73096243144,301265.3766920726
2025-03-18,249844.70429176767,302895.35002140887
2025-03-19,250745.46152956825,303796.10725920944
2025-03-20,250758.28998522618,303808.9357148674
2025-03-21,249585.50025457164,302636.14598421287
2025-03-24,248301.69560941166,301352.3413390529
2025-03-25,249061.936953954,302112.58268359525
2025-03-26,248668.1469307605,301718.7926604017
2025-03-27,250241.57213012443,303292.21785976563
2025-03-28,252111.21422525996,305161.8599549012
2025-03-31,254276.38606920585,307327.03179884714
2025-04-01,254466.19474840886,307516.8404780501
2025-04-02,254607.23495198306,307657.88068162435
2025-04-03,255134.46700700393,308185.1127366452
2025-04-04,252540.24347831775,305590.889207959
2025-04-07,248375.67676878427,301426.3224984255
2025-04-08,248398.31483640996,301448.9605660512
2025-04-09,252485.4355522533,305536.0812818945
2025-04-10,254776.19582964215,307826.8415592834
2025-04-11,256533.97046936039,309584.6161990016
2025-04-14,256775.25486963513,309825.90059927636
2025-04-15,257827.3875201031,310878.03324974433
2025-04-16,262635.8767057623,315686.5224354035
2025-04-17,261685.00165007872,314735.6473797199
2025-04-21,265182.2963310978,318232.9420607389
2025-04-22,263301.77849418204,316352.4242238232
2025-04-23,260148.4812139879,313199.12694362906
2025-04-24,262768.1467757749,315818.7925054161
2025-04-25,262805.56457174814,315856.21030138934
2025-04-28,264641.0796156751,317691.7253453163
2025-04-29,263438.05055051536,316488.69628015655
2025-04-30,262846.3220603446,315896.9677899858
2025-05-01,262760.70786932035,315811.35359896155
2025-05-02,262607.32007376524,315657.96580340643
2025-05-05,263054.7294785804,316105.3752082216
2025-05-06,267603.8040649948,320654.449794636
2025-05-07,266682.88350754714,319733.52923718834
2025-05-08,269851.09572842915,322901.74145807035
2025-05-09,270221.4520788719,323272.0978085131
2025-05-12,267044.03932416457,320094.68505380576
2025-05-13,268529.2957824598,321579.941512101
2025-05-14,265845.3242203292,318895.9699499704
2025-05-15,267932.4123348334,320983.0580644746
2025-05-16,266614.8857729079,319665.53150254907
2025-05-19,269484.1210603506,322534.7667899918
2025-05-20,271990.54836870055,325041.19409834174
2025-05-21,274525.0260437644,327575.6717734056
2025-05-22,275790.5056607213,328841.1513903625
2025-05-23,274260.26214096876,327310.90787060995
2025-05-27,274524.22677559755,327574.87250523875
2025-05-28,273158.59982355946,326209.24555320066
2025-05-29,272297.29066245176,325347.93639209296
2025-05-30,271262.087003837,324312.7327334782
2025-06-02,274151.79928796267,327202.44501760387
2025-06-03,273193.7367282846,326244.3824579258
2025-06-04,273386.18373199773,326436.82946163893
2025-06-05,270677.89707277354,323728.54280241474
2025-06-06,271417.9518732466,324468.5976028878
2025-06-09,275190.07138592575,328240.71711556695
2025-06-10,275393.93693475483,328444.58266439603
2025-06-11,274897.89292992954,327948.53865957074
2025-06-12,274805.4280597816,327856.0737894228
2025-06-13,274921.836821887,327972.4825515282
2025-06-16,273980.8447941193,327031.4905237605
2025-06-17,272495.0613186189,325545.7070482601
2025-06-18,272101.94377960125,325152.58950924245
2025-06-20,270996.3559443093,324047.0016739505
2025-06-23,273528.8183439121,326579.4640735533
2025-06-24,273360.6419900478,326411.287719689
2025-06-25,273856.5891551387,326907.2348847799
2025-06-26,274018.48992048024,327069.13565012143
2025-06-27,272801.80016709206,325852.44589673326
2025-06-30,274487.6484718789,327538.2942015201
2025-07-01,274359.72240795277,327410.36813759396
2025-07-02,275902.8002133332,328953.4459429744
2025-07-03,276249.41805495066,329300.06378459185
2025-07-07,275039.04676556715,328089.69249520835
2025-07-08,274436.11683678237,327486.76256642357
2025-07-09,276656.5083203686,329707.1540500098
2025-07-10,279431.77567307674,332482.42140271794
2025-07-11,280067.62440032087,333118.27012996207
2025-07-14,281476.91037030594,334527.55609994713
2025-07-15,279011.14019885915,332061.78592850035
2025-07-16,280510.90032593446,333561.54605557566
2025-07-17,280820.8983612427,333871.5440908839
2025-07-18,280317.0218196308,333367.667549272
2025-07-21,281271.6268192344,334322.2725488756
2025-07-22,284151.3314662826,337201.9771959238
2025-07-23,282473.3225045328,335523.968234174
2025-07-24,281760.2197547824,334810.8654844236
2025-07-25,280887.93583552033,333938.5815651615
2025-07-28,279828.3963603192,332879.0420899604
2025-07-29,280749.36768468574,333800.01341432694
2025-07-30,278908.87035654666,331959.51608618785
2025-07-31,277640.2927997292,330690.9385293704
2025-08-01,278098.82605716557,331149.47178680677
2025-08-04,280450.62516857754,333501.27089821873
2025-08-05,279288.0861888413,332338.7319184825
2025-08-06,280008.6692494881,333059.3149791293
2025-08-07,281702.4051319503,334753.0508615915
2025-08-08,281150.0264748067,334200.6722044479
2025-08-11,281224.5271101991,334275.1728398403
2025-08-12,282157.1958951489,335207.8416247901
2025-08-13,285092.54369475564,338143.18942439684
2025-08-14,281165.63130317495,334216.27703281614
2025-08-15,280620.71449481725,333671.36022445845
2025-08-18,279720.2447327438,332770.890462385
2025-08-19,277937.28648306057,330987.93221270177
2025-08-20,279972.4099356592,333023.0556653004
2025-08-21,278220.8262597323,331271.4719893735
2025-08-22,282013.0419492743,335063.6876789155
2025-08-25,277059.47880300763,330110.1245326488
2025-08-26,278735.756240807,331786.4019704482
2025-08-27,278949.0553449016,331999.70107454277
2025-08-28,280393.0299732818,333443.675702923
2025-08-29,278376.3918572142,331427.0375868554
2025-09-02,281448.7421578866,334499.3878875278
2025-09-03,282619.4445005629,335670.0902302041
2025-09-04,282079.90035355266,335130.54608319385
2025-09-05,283102.91835634614,336153.56408598734
2025-09-08,285117.5203034332,338168.1660330744
2025-09-09,284563.6382246397,337614.2839542809
2025-09-10,286191.38629439153,339242.0320240327
2025-09-11,288049.8868291374,341100.5325587786
2025-09-12,287712.3729902535,340763.0187198947
2025-09-15,287975.49203341006,341026.13776305126
2025-09-16,288478.6013737949,341529.2471034361
2025-09-17,287857.45280760055,340908.09853724175
2025-09-18,287837.30454614875,340887.95027578995
2025-09-19,287731.5848810554,340782.2306106966
2025-09-22,287153.84525010607,340204.49097974726
2025-09-23,287354.23755308683,340404.883282728
2025-09-24,287304.3295657611,340354.9752954023
2025-09-25,284395.7331912081,337446.3789208493
2025-09-26,285690.1339988394,338740.7797284806
2025-09-29,287709.90013955487,340760.54586919607
2025-09-30,288914.3521113299,341964.9978409711
2025-10-01,289217.1024425273,342267.7481721685
2025-10-02,288836.60783493484,341887.25356457604
2025-10-03,289748.7467621082,342799.3924917494
2025-10-06,291244.188504746,344294.8342343872
2025-10-07,292155.5994476053,345206.2451772465
2025-10-08,294016.8170520441,347067.4627816853
2025-10-09,291518.3885673154,344569.0342969566
2025-10-10,292227.52723544824,345278.17296508944
2025-10-13,295019.52715643746,348070.17288607865
2025-10-14,296425.6604090989,349476.3061387401
2025-10-15,297669.82511431916,350720.47084396036
2025-10-16,299668.4910164187,352719.13674605987
2025-10-17,298203.1842898298,351253.830019471
2025-10-20,302763.5644811563,355814.2102107975
2025-10-21,295969.5285422215,349020.1742718627
2025-10-22,295950.0966944749,349000.7424241161
2025-10-23,295796.01708411635,348846.66281375755
2025-10-24,295541.16131759493,348591.8070472361
2025-10-27,293245.60899456055,346296.25472420175
2025-10-28,291919.6686862507,344970.3144158919
2025-10-29,289680.93134111626,342731.57707075746
2025-10-30,291609.6196976787,344660.2654273199
2025-10-31,290969.19378483685,344019.83951447805
2025-11-03,290648.629493305,343699.2752229462
2025-11-04,289137.14748779126,342187.79321743245
2025-11-05,289915.7660499516,342966.4117795928
2025-11-06,289656.5970597274,342707.2427893686
2025-11-07,290966.1217023144,344016.7674319556
2025-11-10,293910.6705391739,346961.3162688151
2025-11-11,295555.10411680414,348605.74984644534
2025-11-12,297461.9342076175,350512.5799372587
2025-11-13,295887.1542344297,348937.7999640709
2025-11-14,293995.91851200873,347046.56424164993
2025-11-17,292457.8435195733,345508.4892492145
2025-11-18,293279.4724644953,346330.1181941365
2025-11-19,292869.39113070315,345920.03686034435
2025-11-20,292498.20927311643,345548.8550027576
2025-11-21,293693.1154585443,346743.7611881855
2025-11-24,295294.2655514303,348344.9112810715
2025-11-25,296606.1330114116,349656.7787410528
2025-11-26,297748.57173823187,350799.21746787307
2025-11-28,299130.60820048884,352181.25393013004
2025-12-01,298274.6071359739,351325.2528656151
2025-12-02,297433.13898209785,350483.78471173905
2025-12-03,297857.4889491177,350908.1346787589
2025-12-04,297531.95497043506,350582.60070007626
2025-12-05,297224.17744037206,350274.82317001326
2025-12-08,296040.85525392636,349091.50098356756
2025-12-09,296165.0263237324,349215.6720533736
2025-12-10,297111.71021843026,350162.35594807146
2025-12-11,299016.0497222762,352066.6954519174
2025-12-12,299292.6207523798,352343.266482021
2025-12-15,299612.0796642408,352662.725393882
2025-12-16,298796.9014271282,351847.5471567694
2025-12-17,299719.0629534673,352769.7086831085
2025-12-18,299873.3414058158,352923.987135457
2025-12-19,300047.3002473259,353097.9459769671
2025-12-22,302935.7979573081,355986.4436869493
2025-12-23,304299.5351484498,357350.180878091
2025-12-24,304451.20535149495,357501.85108113615
2025-12-26,305668.98843983636,358719.63416947756
2025-12-29,301357.49623244134,354408.14196208253
2025-12-30,301194.8446746376,354245.4904042788
2025-12-31,283297.7808857362,352437.96326532343
2026-01-02,283149.10464235663,352289.28702194383
2026-01-05,286378.92059021676,355519.10296980396
2026-01-06,287968.05822881474,357108.24060840195
2026-01-07,286801.07142482704,355941.25380441424
2026-01-08,287408.8983673124,356549.0807468996
2026-01-09,288378.11698618915,357518.29936577636
2026-01-12,290375.72035788134,359515.90273746854
2026-01-13,289737.12547518965,358877.30785477685
2026-01-14,291370.18540131755,360510.36778090475
2026-01-15,290471.03415946005,359611.21653904725
2026-01-16,289414.46133462194,358554.64371420915
2026-01-20,292031.05249906116,361171.23487864836
2026-01-21,294623.5963822592,363763.7787618464
2026-01-22,297033.6517419508,366173.834121538
2026-01-23,299172.7561650234,368312.93854461063
2026-01-26,302346.33342547715,371486.51580506435
2026-01-27,305744.52926265064,374884.71164223785
2026-01-28,311462.6665801188,380602.848959706
2026-01-29,311145.82727779995,380286.00965738716
2026-01-30,293741.9227188186,362882.1050984058
2026-02-02,288151.9592306766,357292.1416102638
2026-02-03,296826.3745360129,365966.5569156001
2026-02-04,297123.8715509339,366264.0539305211
2026-02-05,292570.63778101065,361710.82016059785
2026-02-06,299118.31516945834,368258.49754904554
2026-02-09,302949.4701130546,372089.6524926418
2026-02-10,301380.28560490767,370520.46798449487
2026-02-11,303372.0437821712,372512.2261617584
2026-02-12,296320.35269658687,365460.53507617407
2026-02-13,301882.9067194348,371023.089099022
2026-02-17,296269.65988949273,365409.84226907993
2026-02-18,300103.9793114348,369244.161691022
2026-02-19,300584.12618738186,369724.30856696906
2026-02-20,302554.78821299056,371694.97059257777
2026-02-23,305215.55819838983,374355.74057797703
2026-02-24,304383.7544164294,373523.9367960166
2026-02-25,304067.72148165223,373207.90386123944
2026-02-26,305609.82708942017,374750.0094690074
2026-02-27,308295.0566079327,377435.23898751993
2026-03-02,308863.57669984683,378003.75907943404
2026-03-03,303657.51298360474,372797.69536319195
2026-03-04,304375.72908722085,373515.91146680806
2026-03-05,302296.63970262243,371436.82208220963
2026-03-06,303621.1243449245,372761.3067245117
2026-03-09,303717.10823782615,372857.29061741335
2026-03-10,303766.29847805767,372906.48085764487
2026-03-11,302445.9401798663,371586.1225594535
2026-03-12,299704.5608180561,368844.7431976433
2026-03-13,298412.080665936,367552.2630455232
2026-03-16,299367.5440079443,368507.7263875315
2026-03-17,298727.8170012553,367867.9993808425
2026-03-18,293544.1703271431,362684.3527067303
2026-03-19,289456.21986685065,358596.40224643785
2026-03-20,284848.26923693373,353988.45161652094
2026-03-23,283621.67081374605,352761.85319333326
2026-03-24,282838.45253337827,351978.63491296547
2026-03-25,286252.79978555697,355392.9821651442
2026-03-26,281718.1642696474,350858.3466492346
2026-03-27,281633.5389505038,350773.721330091
2026-03-30,281633.5389505038,350773.721330091
2026-03-31,281633.5389505038,350773.721330091
2026-04-01,281633.5389505038,350773.721330091
2026-04-02,281633.5389505038,350773.721330091
2026-04-06,281633.5389505038,350773.721330091
2026-04-07,281633.5389505038,350773.721330091
2026-04-08,281633.5389505038,350773.721330091
2026-04-09,281633.5389505038,350773.721330091
2026-04-10,281633.5389505038,350773.721330091
2026-04-13,281633.5389505038,350773.721330091
2026-04-14,281633.5389505038,350773.721330091
2026-04-15,281633.5389505038,350773.721330091
2026-04-16,281633.5389505038,350773.721330091
2026-04-17,281633.5389505038,350773.721330091
2026-04-20,281633.5389505038,350773.721330091
2026-04-21,281633.5389505038,350773.721330091
2026-04-22,281633.5389505038,350773.721330091
2026-04-23,281633.5389505038,350773.721330091
2026-04-24,281289.286668246,350429.4690478332
2026-04-27,280525.9272735638,349666.109653151
2026-04-28,280840.2490432562,349980.4314228434
2026-04-29,280989.92444508575,350130.10682467296
2026-04-30,282127.4780540924,351267.6604336796
2026-05-01,282037.6750968949,351177.8574764821
2026-05-04,281708.3823611692,350848.5647407564
2026-05-05,281858.05776299874,350998.24014258594
2026-05-06,281154.57081294863,350294.75319253583
2026-05-07,281588.6374719051,350728.8198514923
2026-05-08,281214.4432575807,350354.6256371679
2026-05-11,281319.2171808115,350459.3995603987
2026-05-12,281902.95924159756,351043.14162118477
2026-05-13,281633.5389505039,350773.7213300911
2026-05-14,282935.7389273734,352075.9213069606
2026-05-15,282217.2810112899,351357.4633908771
2026-05-18,284163.0954935775,353303.2778731647
2026-05-19,283848.77372388507,352988.9561034723
2026-05-20,284013.4200917479,353153.6024713351
2026-05-21,284222.9679382095,353363.1503177967
2026-05-22,285382.32490742166,354522.50728700886
2026-05-26,284810.3879199264,353950.5702995136
2026-05-27,284150.4640692975,353290.6464488847
2026-05-28,284575.7525553823,353715.9349349695
2026-05-29,284902.5153562159,354042.6977358031
2026-06-01,285417.92058157903,354558.10296116624
2026-06-02,285388.4736694117,354528.6560489989
2026-06-03,284401.83920443204,353542.02158401924
2026-06-04,284990.87856270047,354131.0609422877
2026-06-05,283488.82763736637,352629.0100169536
2026-06-08,282885.0704405099,352025.2528200971
2026-06-09,283400.47566587303,352540.65804546024
2026-06-10,282870.3413669306,352010.5237465178
2026-06-11,283488.82763736637,352629.0100169536
2026-06-12,284092.5960692141,353232.7784488013
2026-06-15,284519.6380880927,353659.8204676799
2026-06-16,283886.4339790689,353026.6163586561
2026-06-17,282016.23485919094,351156.41723877814
2026-06-18,281427.1955009225,350567.3778805097
2026-06-22,281486.1005602485,350626.2829398357
2026-06-23,281883.706901951,351023.8892815382
2026-06-24,282340.2070679882,351480.3894475754
2026-06-25,282384.38305373484,351524.56543332204
2026-06-26,283931.29452985286,353071.47690944007
2026-06-29,284181.29436334054,353321.47674292774
2026-06-30,284622.44876142737,353762.6311410146
2026-07-01,285254.78016272874,354394.96254231595
2026-07-02,286725.31726163346,355865.49964122067
2026-07-06,286725.31726163346,355865.49964122067
2026-07-07,287401.7629808127,356541.9453603999
2026-07-08,286372.39149930247,355512.57387888967
2026-07-09,286298.8601566341,355439.0425362213
2026-07-10,286534.1514777266,355674.3338573138
2026-07-13,286622.3801134824,355762.5624930696
2026-07-14,285240.0716503335,354380.25402992073
2026-07-15,284078.3459958819,353218.5283754691
2026-07-16,285607.70592505974,354747.88830464694
2026-07-17,284828.32305772946,353968.50543731666
2026-07-20,284681.2715917005,353821.4539712877
2026-07-21,284754.80293436884,353894.98531395604
2026-07-22,284313.63731697435,353453.81969656155
2026-07-23,284107.7630206723,353247.9454002595
2026-07-24,285266.9563516765,354407.1387312637
2026-07-27,286145.88170612644,355286.06408571365
2026-07-28,287625.3829557169,356765.5653353041
2026-07-29,287317.7635520595,356457.9459316467
2026-07-30,286570.6814711771,355710.8638507643
2026-07-31,286630.61004801595,355770.79242760316
2026-08-03,287127.9479172022,356268.1302967894
2026-08-04,289219.71546130034,358359.89784088754
2026-08-05,289205.09575461707,358345.2781342043
2026-08-06,289658.5521835906,358798.7345631778
2026-08-07,290565.4762016191,359705.6585812063
2026-08-10,290872.6574431897,360012.8398227769
2026-08-11,290726.38225578674,359866.56463537394
2026-08-12,290784.8834026828,359925.06578227
2026-08-13,291662.55684726324,360802.73922685045
2026-08-14,291311.4830053985,360451.6653849857
2026-08-17,290243.66409328376,359383.84647287097
2026-08-18,290419.1898541347,359559.3722337219
2026-08-19,291545.5322333083,360685.7146128955
2026-08-20,290638.6082152798,359778.790594867
2026-08-21,291457.76935288287,360597.9517324701
2026-08-24,291955.1072220691,361095.2896016563
2026-08-25,291852.7134748789,360992.8958544661
