ticker,entry_date,exit_date,entry_price,exit_price,profit_pct,weight,reason,is_crypto,asset_class,era,trade_id
MKR,2024-01-03,2024-02-02,1836.1983,1993.0872,8.54,0.028214,Time-Stop Stagnazione (21gg),True,Cryptovalute,2020-2024 (Crypto Frontier Venture),1
INJ,2023-12-13,2024-01-31,25.6789,35.4062,37.88,0.028214,Time-Stop Stagnazione (21gg),True,Cryptovalute,2020-2024 (Crypto Frontier Venture),2
GLD,2023-11-03,2024-01-26,430.25,435.42,1.2,0.1627,Ribilanciamento mensile (trim parziale),False,Oro,2012-2024 (Point-In-Time),3
EGLD,2023-12-04,2024-01-16,49.4463,53.217,7.63,0.028214,Time-Stop Stagnazione (21gg),True,Cryptovalute,2020-2024 (Crypto Frontier Venture),4
AVAX,2023-12-10,2024-01-15,31.8572,35.2959,10.79,0.028214,Time-Stop Stagnazione (21gg),True,Cryptovalute,2020-2024 (Crypto Frontier Venture),5
ICP,2023-12-10,2024-01-08,5.5784,11.2507,101.68,0.028214,Trailing Stop (30% dal picco),True,Cryptovalute,2020-2024 (Crypto Frontier Venture),6
NEAR,2023-11-16,2024-01-08,1.7046,3.2053,88.04,0.0288,Trailing Stop (30% dal picco),True,Cryptovalute,2020-2024 (Crypto Frontier Venture),7
ADA,2023-11-07,2024-01-05,0.3637,0.57,56.73,0.0288,Time-Stop Stagnazione (21gg),True,Cryptovalute,2020-2024 (Crypto Frontier Venture),8
DOGE,2023-11-07,2024-01-02,0.0765,0.0919,20.24,0.0288,Time-Stop Stagnazione (21gg),True,Cryptovalute,2020-2024 (Crypto Frontier Venture),9
ICP,2023-12-10,2023-12-30,5.5784,12.5513,125.0,0.028214,Freeride De-risk (recupero 100% capitale),True,Cryptovalute,2020-2024 (Crypto Frontier Venture),10
LMT,2023-12-01,2023-12-29,417.84,421.4,0.85,0.014973,Rotazione trimestrale,False,Azioni (Low-Beta),2012-2024 (Point-In-Time),11
PARA,2023-12-01,2023-12-29,87049.3,15366.45,-82.35,0.014973,Rotazione trimestrale,False,Azioni (Low-Beta),2012-2024 (Point-In-Time),12
HUM,2023-12-01,2023-12-29,478.41,443.15,-7.37,0.014973,Rotazione trimestrale,False,Azioni (Low-Beta),2012-2024 (Point-In-Time),13
ORLY,2023-12-01,2023-12-29,65.37,63.34,-3.1,0.014973,Rotazione trimestrale,False,Azioni (Low-Beta),2012-2024 (Point-In-Time),14
GLD,2023-11-03,2023-12-29,430.25,445.1,3.45,0.1551,Ribilanciamento mensile (trim parziale),False,Oro,2012-2024 (Point-In-Time),15
NEAR,2023-11-16,2023-12-23,1.7046,3.8353,125.0,0.0288,Freeride De-risk (recupero 100% capitale),True,Cryptovalute,2020-2024 (Crypto Frontier Venture),16
EOS,2023-12-10,2023-12-12,0.8562,0.7683,-10.27,0.028214,ATR Stop Loss (2.5x ATR),True,Cryptovalute,2020-2024 (Crypto Frontier Venture),17
FIL,2023-11-07,2023-12-05,4.3411,4.7212,8.76,0.0288,Time-Stop Stagnazione (21gg),True,Cryptovalute,2020-2024 (Crypto Frontier Venture),18
INJ,2023-11-07,2023-12-03,16.9816,17.766,4.62,0.0288,Time-Stop Stagnazione (21gg),True,Cryptovalute,2020-2024 (Crypto Frontier Venture),19
ETC,2023-11-07,2023-12-02,18.5259,18.9523,2.3,0.0288,Time-Stop Stagnazione (21gg),True,Cryptovalute,2020-2024 (Crypto Frontier Venture),20
AAVE,2023-11-07,2023-12-01,99.4794,98.1474,-1.34,0.0288,Time-Stop Stagnazione (21gg),True,Cryptovalute,2020-2024 (Crypto Frontier Venture),21
XRP,2023-11-07,2023-11-15,0.7162,0.6291,-12.16,0.0288,ATR Stop Loss (2.5x ATR),True,Cryptovalute,2020-2024 (Crypto Frontier Venture),22
CF,2023-09-29,2023-10-06,80.05,75.54,-5.63,0.030407,Disattivazione regime macro equity,False,Azioni (Low-Beta),2012-2024 (Point-In-Time),23
GPN,2023-09-29,2023-10-06,111.99,111.33,-0.59,0.030407,Disattivazione regime macro equity,False,Azioni (Low-Beta),2012-2024 (Point-In-Time),24
NRG,2023-09-29,2023-10-06,36.45,36.87,1.17,0.030407,Disattivazione regime macro equity,False,Azioni (Low-Beta),2012-2024 (Point-In-Time),25
VLO,2023-09-29,2023-10-06,130.49,116.52,-10.71,0.030407,Disattivazione regime macro equity,False,Azioni (Low-Beta),2012-2024 (Point-In-Time),26
CEG,2023-09-29,2023-10-06,107.0,108.07,1.0,0.030407,Disattivazione regime macro equity,False,Azioni (Low-Beta),2012-2024 (Point-In-Time),27
UNH,2023-09-29,2023-10-06,476.39,495.88,4.09,0.030407,Disattivazione regime macro equity,False,Azioni (Low-Beta),2012-2024 (Point-In-Time),28
MPC,2023-09-29,2023-10-06,142.65,134.95,-5.39,0.030407,Disattivazione regime macro equity,False,Azioni (Low-Beta),2012-2024 (Point-In-Time),29
MOH,2023-09-29,2023-10-06,327.89,333.13,1.6,0.030407,Disattivazione regime macro equity,False,Azioni (Low-Beta),2012-2024 (Point-In-Time),30
J,2023-09-29,2023-10-06,109.8,110.69,0.81,0.030407,Disattivazione regime macro equity,False,Azioni (Low-Beta),2012-2024 (Point-In-Time),31
AON,2023-06-30,2023-10-06,337.28,320.15,-5.08,0.030407,Disattivazione regime macro equity,False,Azioni (Low-Beta),2012-2024 (Point-In-Time),32
ACGL,2023-06-30,2023-10-06,71.17,78.14,9.79,0.030407,Disattivazione regime macro equity,False,Azioni (Low-Beta),2012-2024 (Point-In-Time),33
LLY,2023-06-30,2023-10-06,458.43,553.69,20.78,0.030407,Disattivazione regime macro equity,False,Azioni (Low-Beta),2012-2024 (Point-In-Time),34
ORLY,2023-06-30,2023-10-06,63.69,60.14,-5.56,0.030407,Disattivazione regime macro equity,False,Azioni (Low-Beta),2012-2024 (Point-In-Time),35
PARA,2023-02-03,2023-10-06,83452.89,86640.61,3.82,0.030407,Disattivazione regime macro equity,False,Azioni (Low-Beta),2012-2024 (Point-In-Time),36
ABC,2023-02-03,2023-10-06,151.55,179.3,18.31,0.030407,Disattivazione regime macro equity,False,Azioni (Low-Beta),2012-2024 (Point-In-Time),37
NI,2023-06-30,2023-09-29,24.69,22.48,-8.95,0.016567,Rotazione trimestrale,False,Azioni (Low-Beta),2012-2024 (Point-In-Time),38
PEP,2023-06-30,2023-09-29,165.05,152.05,-7.88,0.016567,Rotazione trimestrale,False,Azioni (Low-Beta),2012-2024 (Point-In-Time),39
TSCO,2023-06-30,2023-09-29,41.53,38.33,-7.71,0.016567,Rotazione trimestrale,False,Azioni (Low-Beta),2012-2024 (Point-In-Time),40
ROP,2023-06-30,2023-09-29,470.52,474.6,0.87,0.016567,Rotazione trimestrale,False,Azioni (Low-Beta),2012-2024 (Point-In-Time),41
MRK,2023-03-31,2023-09-29,96.36,94.5,-1.92,0.016567,Rotazione trimestrale,False,Azioni (Low-Beta),2012-2024 (Point-In-Time),42
SO,2023-03-31,2023-09-29,61.52,58.36,-5.13,0.016567,Rotazione trimestrale,False,Azioni (Low-Beta),2012-2024 (Point-In-Time),43
WM,2023-03-31,2023-09-29,155.17,146.25,-5.75,0.016567,Rotazione trimestrale,False,Azioni (Low-Beta),2012-2024 (Point-In-Time),44
RSG,2023-03-31,2023-09-29,130.2,138.18,6.13,0.016567,Rotazione trimestrale,False,Azioni (Low-Beta),2012-2024 (Point-In-Time),45
HSY,2023-02-03,2023-09-29,213.16,182.99,-14.15,0.016567,Rotazione trimestrale,False,Azioni (Low-Beta),2012-2024 (Point-In-Time),46
BTC,2023-02-03,2023-09-01,26107.0477,25800.7246,-1.17,0.1827,Disattivazione regime macro crypto,True,Cryptovalute,2012-2024 (Point-In-Time),47
GLD,2023-01-06,2023-07-07,410.73,415.93,1.27,0.5912,Disattivazione regime macro,False,Oro,2012-2024 (Point-In-Time),48
ABBV,2023-03-31,2023-06-30,140.82,120.14,-14.68,0.013747,Rotazione trimestrale,False,Azioni (Low-Beta),2012-2024 (Point-In-Time),49
CME,2023-03-31,2023-06-30,167.4,162.94,-2.67,0.013747,Rotazione trimestrale,False,Azioni (Low-Beta),2012-2024 (Point-In-Time),50
ED,2023-03-31,2023-06-30,84.9,80.89,-4.72,0.013747,Rotazione trimestrale,False,Azioni (Low-Beta),2012-2024 (Point-In-Time),51
FOXA,2023-03-31,2023-06-30,32.64,32.59,-0.15,0.013747,Rotazione trimestrale,False,Azioni (Low-Beta),2012-2024 (Point-In-Time),52
BTC,2023-02-03,2023-06-30,24171.2755,30477.252,26.09,0.0207,Ribilanciamento mensile (trim parziale),True,Cryptovalute,2012-2024 (Point-In-Time),53
LW,2023-02-03,2023-06-30,90.84,106.69,17.45,0.013747,Rotazione trimestrale,False,Azioni (Low-Beta),2012-2024 (Point-In-Time),54
CAG,2023-02-03,2023-06-30,29.8,27.81,-6.68,0.013747,Rotazione trimestrale,False,Azioni (Low-Beta),2012-2024 (Point-In-Time),55
CPB,2023-02-03,2023-06-30,43.8,39.62,-9.55,0.013747,Rotazione trimestrale,False,Azioni (Low-Beta),2012-2024 (Point-In-Time),56
SJM,2023-02-03,2023-06-30,130.75,130.47,-0.21,0.013747,Rotazione trimestrale,False,Azioni (Low-Beta),2012-2024 (Point-In-Time),57
BTC,2023-02-03,2023-04-28,24171.2755,29340.2617,21.38,0.091,Ribilanciamento mensile (trim parziale),True,Cryptovalute,2012-2024 (Point-In-Time),58
GLD,2023-01-06,2023-04-28,408.23,430.27,5.4,0.0754,Ribilanciamento mensile (trim parziale),False,Oro,2012-2024 (Point-In-Time),59
ICP,2023-04-18,2023-04-24,6.2534,5.4164,-13.38,0.019243,ATR Stop Loss (2.5x ATR),True,Cryptovalute,2020-2024 (Crypto Frontier Venture),60
LINK,2023-04-18,2023-04-22,8.1736,7.1105,-13.01,0.019243,ATR Stop Loss (2.5x ATR),True,Cryptovalute,2020-2024 (Crypto Frontier Venture),61
AVAX,2023-04-18,2023-04-21,20.5384,18.3146,-10.83,0.019243,ATR Stop Loss (2.5x ATR),True,Cryptovalute,2020-2024 (Crypto Frontier Venture),62
LTC,2023-04-19,2023-04-20,101.9476,90.3446,-11.38,0.019243,ATR Stop Loss (2.5x ATR),True,Cryptovalute,2020-2024 (Crypto Frontier Venture),63
CI,2023-02-03,2023-03-31,272.38,238.9,-12.29,0.01528,Rotazione trimestrale,False,Azioni (Low-Beta),2012-2024 (Point-In-Time),64
GL,2023-02-03,2023-03-31,116.62,107.0,-8.25,0.01528,Rotazione trimestrale,False,Azioni (Low-Beta),2012-2024 (Point-In-Time),65
BIIB,2023-02-03,2023-03-31,283.63,278.03,-1.97,0.01528,Rotazione trimestrale,False,Azioni (Low-Beta),2012-2024 (Point-In-Time),66
PCG,2023-02-03,2023-03-31,15.28,15.89,3.99,0.01528,Rotazione trimestrale,False,Azioni (Low-Beta),2012-2024 (Point-In-Time),67
FSLR,2023-02-03,2023-03-31,168.19,217.5,29.32,0.01528,Rotazione trimestrale,False,Azioni (Low-Beta),2012-2024 (Point-In-Time),68
MCD,2023-02-03,2023-03-31,241.78,257.33,6.43,0.01528,Rotazione trimestrale,False,Azioni (Low-Beta),2012-2024 (Point-In-Time),69
YUM,2023-02-03,2023-03-31,118.78,124.09,4.47,0.01528,Rotazione trimestrale,False,Azioni (Low-Beta),2012-2024 (Point-In-Time),70
ALL,2023-02-03,2023-03-31,120.68,102.52,-15.05,0.01528,Rotazione trimestrale,False,Azioni (Low-Beta),2012-2024 (Point-In-Time),71
GLD,2023-01-06,2023-02-24,404.45,391.97,-3.09,0.2863,Ribilanciamento mensile (trim parziale),False,Oro,2012-2024 (Point-In-Time),72
GLD,2022-04-01,2022-06-03,408.05,401.82,-1.53,0.4387,Disattivazione regime macro,False,Oro,2012-2024 (Point-In-Time),73
BKR,2022-04-01,2022-05-06,32.93,29.05,-11.78,0.05608,Disattivazione regime macro equity,False,Azioni (Low-Beta),2012-2024 (Point-In-Time),74
NEM,2022-04-01,2022-05-06,73.37,64.58,-11.97,0.05608,Disattivazione regime macro equity,False,Azioni (Low-Beta),2012-2024 (Point-In-Time),75
CVX,2022-04-01,2022-05-06,137.37,142.78,3.94,0.05608,Disattivazione regime macro equity,False,Azioni (Low-Beta),2012-2024 (Point-In-Time),76
INCY,2022-04-01,2022-05-06,79.94,75.2,-5.93,0.05608,Disattivazione regime macro equity,False,Azioni (Low-Beta),2012-2024 (Point-In-Time),77
KR,2022-04-01,2022-05-06,52.06,48.78,-6.32,0.05608,Disattivazione regime macro equity,False,Azioni (Low-Beta),2012-2024 (Point-In-Time),78
NOC,2022-04-01,2022-05-06,422.85,435.78,3.06,0.05608,Disattivazione regime macro equity,False,Azioni (Low-Beta),2012-2024 (Point-In-Time),79
HII,2022-04-01,2022-05-06,184.21,196.59,6.72,0.05608,Disattivazione regime macro equity,False,Azioni (Low-Beta),2012-2024 (Point-In-Time),80
WELL,2022-04-01,2022-05-06,88.04,79.59,-9.6,0.05608,Disattivazione regime macro equity,False,Azioni (Low-Beta),2012-2024 (Point-In-Time),81
VTR,2022-04-01,2022-05-06,54.45,49.37,-9.34,0.05608,Disattivazione regime macro equity,False,Azioni (Low-Beta),2012-2024 (Point-In-Time),82
SJM,2022-04-01,2022-05-06,117.35,120.19,2.42,0.05608,Disattivazione regime macro equity,False,Azioni (Low-Beta),2012-2024 (Point-In-Time),83
AEP,2022-04-01,2022-05-06,86.34,84.76,-1.83,0.05608,Disattivazione regime macro equity,False,Azioni (Low-Beta),2012-2024 (Point-In-Time),84
MRK,2022-04-01,2022-05-06,73.43,77.71,5.83,0.05608,Disattivazione regime macro equity,False,Azioni (Low-Beta),2012-2024 (Point-In-Time),85
DUK,2022-04-01,2022-05-06,94.9,93.64,-1.33,0.05608,Disattivazione regime macro equity,False,Azioni (Low-Beta),2012-2024 (Point-In-Time),86
JKHY,2022-04-01,2022-05-06,188.91,174.37,-7.7,0.05608,Disattivazione regime macro equity,False,Azioni (Low-Beta),2012-2024 (Point-In-Time),87
PKG,2022-04-01,2022-05-06,137.23,143.14,4.31,0.05608,Disattivazione regime macro equity,False,Azioni (Low-Beta),2012-2024 (Point-In-Time),88
IBM,2021-12-31,2022-02-04,111.86,114.78,2.61,0.056793,Disattivazione regime macro equity,False,Azioni (Low-Beta),2012-2024 (Point-In-Time),89
MRK,2021-12-31,2022-02-04,66.79,68.46,2.51,0.056793,Disattivazione regime macro equity,False,Azioni (Low-Beta),2012-2024 (Point-In-Time),90
WMB,2021-12-31,2022-02-04,21.37,25.1,17.43,0.056793,Disattivazione regime macro equity,False,Azioni (Low-Beta),2012-2024 (Point-In-Time),91
PFE,2021-12-31,2022-02-04,45.72,41.35,-9.56,0.056793,Disattivazione regime macro equity,False,Azioni (Low-Beta),2012-2024 (Point-In-Time),92
TTWO,2021-12-31,2022-02-04,177.72,175.0,-1.53,0.056793,Disattivazione regime macro equity,False,Azioni (Low-Beta),2012-2024 (Point-In-Time),93
WLTW,2021-12-31,2022-02-04,223.62,223.97,0.16,0.056793,Disattivazione regime macro equity,False,Azioni (Low-Beta),2012-2024 (Point-In-Time),94
CLX,2021-12-31,2022-02-04,147.33,120.27,-18.36,0.056793,Disattivazione regime macro equity,False,Azioni (Low-Beta),2012-2024 (Point-In-Time),95
HPQ,2021-12-31,2022-02-04,31.72,31.66,-0.19,0.056793,Disattivazione regime macro equity,False,Azioni (Low-Beta),2012-2024 (Point-In-Time),96
PPL,2021-12-31,2022-02-04,25.85,25.3,-2.16,0.056793,Disattivazione regime macro equity,False,Azioni (Low-Beta),2012-2024 (Point-In-Time),97
PGR,2021-12-31,2022-02-04,93.29,99.23,6.36,0.056793,Disattivazione regime macro equity,False,Azioni (Low-Beta),2012-2024 (Point-In-Time),98
SBAC,2021-12-31,2022-02-04,358.34,296.19,-17.34,0.056793,Disattivazione regime macro equity,False,Azioni (Low-Beta),2012-2024 (Point-In-Time),99
HIG,2021-09-24,2022-02-04,62.82,64.2,2.19,0.056793,Disattivazione regime macro equity,False,Azioni (Low-Beta),2012-2024 (Point-In-Time),100
EQIX,2021-09-24,2022-02-04,755.56,637.89,-15.57,0.056793,Disattivazione regime macro equity,False,Azioni (Low-Beta),2012-2024 (Point-In-Time),101
GIS,2021-06-25,2022-02-04,48.64,56.76,16.69,0.056793,Disattivazione regime macro equity,False,Azioni (Low-Beta),2012-2024 (Point-In-Time),102
DUK,2020-12-04,2022-02-04,73.02,86.82,18.91,0.056793,Disattivazione regime macro equity,False,Azioni (Low-Beta),2012-2024 (Point-In-Time),103
BTC,2021-09-03,2022-01-07,59424.4678,41557.9023,-30.07,0.1481,Disattivazione regime macro crypto,True,Cryptovalute,2012-2024 (Point-In-Time),104
AWK,2021-09-24,2021-12-31,158.71,170.16,7.21,0.013567,Rotazione trimestrale,False,Azioni (Low-Beta),2012-2024 (Point-In-Time),105
LYV,2021-09-24,2021-12-31,92.74,119.69,29.06,0.013567,Rotazione trimestrale,False,Azioni (Low-Beta),2012-2024 (Point-In-Time),106
PG,2021-09-24,2021-12-31,126.25,144.75,14.66,0.013567,Rotazione trimestrale,False,Azioni (Low-Beta),2012-2024 (Point-In-Time),107
PKI,2021-09-24,2021-12-31,180.7,198.75,9.98,0.013567,Rotazione trimestrale,False,Azioni (Low-Beta),2012-2024 (Point-In-Time),108
VRSN,2021-09-24,2021-12-31,213.89,249.3,16.55,0.013567,Rotazione trimestrale,False,Azioni (Low-Beta),2012-2024 (Point-In-Time),109
VRSK,2021-09-24,2021-12-31,201.33,221.71,10.12,0.013567,Rotazione trimestrale,False,Azioni (Low-Beta),2012-2024 (Point-In-Time),110
DXCM,2021-09-24,2021-12-31,140.18,134.24,-4.24,0.013567,Rotazione trimestrale,False,Azioni (Low-Beta),2012-2024 (Point-In-Time),111
EFX,2021-09-24,2021-12-31,255.2,281.82,10.43,0.013567,Rotazione trimestrale,False,Azioni (Low-Beta),2012-2024 (Point-In-Time),112
RMD,2021-09-24,2021-12-31,267.07,249.31,-6.65,0.013567,Rotazione trimestrale,False,Azioni (Low-Beta),2012-2024 (Point-In-Time),113
JKHY,2021-09-24,2021-12-31,160.61,156.99,-2.26,0.013567,Rotazione trimestrale,False,Azioni (Low-Beta),2012-2024 (Point-In-Time),114
CCI,2021-09-24,2021-12-31,144.17,166.53,15.5,0.013567,Rotazione trimestrale,False,Azioni (Low-Beta),2012-2024 (Point-In-Time),115
BTC,2021-09-03,2021-12-31,59424.4678,46306.4453,-22.08,0.0173,Ribilanciamento mensile (trim parziale),True,Cryptovalute,2012-2024 (Point-In-Time),116
CRV,2021-11-24,2021-12-06,5.0474,3.5986,-28.7,0.024286,ATR Stop Loss (2.5x ATR),True,Cryptovalute,2020-2024 (Crypto Frontier Venture),117
ZEC,2021-11-25,2021-12-05,261.3242,187.2098,-28.36,0.024286,ATR Stop Loss (2.5x ATR),True,Cryptovalute,2020-2024 (Crypto Frontier Venture),118
AVAX,2021-11-22,2021-12-05,128.9114,92.9264,-27.91,0.024286,ATR Stop Loss (2.5x ATR),True,Cryptovalute,2020-2024 (Crypto Frontier Venture),119
EGLD,2021-11-22,2021-12-05,428.3599,308.9171,-27.88,0.024286,ATR Stop Loss (2.5x ATR),True,Cryptovalute,2020-2024 (Crypto Frontier Venture),120
ATOM,2021-08-31,2021-10-12,22.2573,32.0197,43.86,0.0,Time-Stop Stagnazione (21gg),True,Cryptovalute,2020-2024 (Crypto Frontier Venture),121
AVAX,2021-08-20,2021-10-12,30.6986,55.283,80.08,0.0,Trailing Stop (30% dal picco),True,Cryptovalute,2020-2024 (Crypto Frontier Venture),122
TRX,2021-08-16,2021-10-07,0.0931,0.0954,2.48,0.0,Time-Stop Stagnazione (21gg),True,Cryptovalute,2020-2024 (Crypto Frontier Venture),123
IEF,2021-08-06,2021-10-01,954.8,944.52,-1.08,0.7585,Disattivazione regime macro,False,Obbligazioni,2012-2024 (Point-In-Time),124
IEF,2021-08-06,2021-09-24,954.8,944.68,-1.06,0.0401,Ribilanciamento mensile (trim parziale),False,Obbligazioni,2012-2024 (Point-In-Time),125
STX,2021-06-25,2021-09-24,74.52,74.76,0.32,0.066667,Rotazione trimestrale,False,Azioni (Low-Beta),2012-2024 (Point-In-Time),126
BIIB,2021-06-25,2021-09-24,347.93,291.71,-16.16,0.066667,Rotazione trimestrale,False,Azioni (Low-Beta),2012-2024 (Point-In-Time),127
WDC,2021-06-25,2021-09-24,53.22,43.58,-18.11,0.066667,Rotazione trimestrale,False,Azioni (Low-Beta),2012-2024 (Point-In-Time),128
BXP,2021-06-25,2021-09-24,91.58,86.94,-5.07,0.066667,Rotazione trimestrale,False,Azioni (Low-Beta),2012-2024 (Point-In-Time),129
LUMN,2021-06-25,2021-09-24,12.62,11.86,-6.04,0.066667,Rotazione trimestrale,False,Azioni (Low-Beta),2012-2024 (Point-In-Time),130
SLG,2021-06-25,2021-09-24,58.71,52.75,-10.14,0.066667,Rotazione trimestrale,False,Azioni (Low-Beta),2012-2024 (Point-In-Time),131
VNO,2021-03-26,2021-09-24,39.81,38.02,-4.51,0.066667,Rotazione trimestrale,False,Azioni (Low-Beta),2012-2024 (Point-In-Time),132
FOXA,2021-03-26,2021-09-24,35.28,36.89,4.54,0.066667,Rotazione trimestrale,False,Azioni (Low-Beta),2012-2024 (Point-In-Time),133
AAL,2021-03-26,2021-09-24,22.93,21.39,-6.72,0.066667,Rotazione trimestrale,False,Azioni (Low-Beta),2012-2024 (Point-In-Time),134
KR,2021-03-26,2021-09-24,33.08,35.87,8.45,0.066667,Rotazione trimestrale,False,Azioni (Low-Beta),2012-2024 (Point-In-Time),135
IRM,2021-03-26,2021-09-24,30.27,36.92,21.96,0.066667,Rotazione trimestrale,False,Azioni (Low-Beta),2012-2024 (Point-In-Time),136
FOX,2020-12-04,2021-09-24,26.99,33.93,25.71,0.066667,Rotazione trimestrale,False,Azioni (Low-Beta),2012-2024 (Point-In-Time),137
DGX,2020-12-04,2021-09-24,110.32,138.91,25.91,0.066667,Rotazione trimestrale,False,Azioni (Low-Beta),2012-2024 (Point-In-Time),138
XRP,2021-08-16,2021-09-21,1.2862,0.9214,-28.36,0.0,ATR Stop Loss (2.5x ATR),True,Cryptovalute,2020-2024 (Crypto Frontier Venture),139
ADA,2021-08-28,2021-09-20,2.9503,2.2812,-22.68,0.0,ATR Stop Loss (2.5x ATR),True,Cryptovalute,2020-2024 (Crypto Frontier Venture),140
SOL,2021-08-20,2021-09-18,72.8217,147.3013,102.28,0.0,Trailing Stop (30% dal picco),True,Cryptovalute,2020-2024 (Crypto Frontier Venture),141
AVAX,2021-08-20,2021-09-17,30.6986,69.0718,125.0,0.0,Freeride De-risk (recupero 100% capitale),True,Cryptovalute,2020-2024 (Crypto Frontier Venture),142
DASH,2021-08-16,2021-09-14,216.0902,196.4777,-9.08,0.0,Time-Stop Stagnazione (21gg),True,Cryptovalute,2020-2024 (Crypto Frontier Venture),143
SOL,2021-08-20,2021-09-06,72.8217,163.8487,125.0,0.0,Freeride De-risk (recupero 100% capitale),True,Cryptovalute,2020-2024 (Crypto Frontier Venture),144
EOS,2021-08-16,2021-08-27,5.7038,4.7447,-16.81,0.0,ATR Stop Loss (2.5x ATR),True,Cryptovalute,2020-2024 (Crypto Frontier Venture),145
BCH,2021-08-16,2021-08-27,703.95,606.8225,-13.8,0.0,ATR Stop Loss (2.5x ATR),True,Cryptovalute,2020-2024 (Crypto Frontier Venture),146
DISCA,2021-03-26,2021-06-25,41.9,30.86,-26.35,0.02716,Rotazione trimestrale,False,Azioni (Low-Beta),2012-2024 (Point-In-Time),147
AIZ,2021-03-26,2021-06-25,131.96,145.22,10.05,0.02716,Rotazione trimestrale,False,Azioni (Low-Beta),2012-2024 (Point-In-Time),148
DISCK,2021-03-26,2021-06-25,41.9,30.86,-26.35,0.02716,Rotazione trimestrale,False,Azioni (Low-Beta),2012-2024 (Point-In-Time),149
CPB,2021-03-26,2021-06-25,41.12,37.26,-9.38,0.02716,Rotazione trimestrale,False,Azioni (Low-Beta),2012-2024 (Point-In-Time),150
WMB,2020-12-25,2021-06-25,15.98,21.29,33.27,0.02716,Rotazione trimestrale,False,Azioni (Low-Beta),2012-2024 (Point-In-Time),151
DTE,2020-12-25,2021-06-25,85.08,94.86,11.5,0.02716,Rotazione trimestrale,False,Azioni (Low-Beta),2012-2024 (Point-In-Time),152
EXR,2020-12-04,2021-06-25,91.6,136.28,48.78,0.02716,Rotazione trimestrale,False,Azioni (Low-Beta),2012-2024 (Point-In-Time),153
BTC,2020-06-05,2021-06-04,22238.4837,36894.4062,65.9,0.1679,Disattivazione regime macro crypto,True,Cryptovalute,2012-2024 (Point-In-Time),154
MKR,2021-04-22,2021-05-23,4046.7094,1922.187,-52.5,0.018771,Circuit Breaker Emergenza (-50%),True,Cryptovalute,2020-2024 (Crypto Frontier Venture),155
INJ,2021-04-09,2021-05-22,14.7937,10.2602,-30.64,0.018771,ATR Stop Loss (2.5x ATR),True,Cryptovalute,2020-2024 (Crypto Frontier Venture),156
XMR,2021-04-01,2021-05-20,246.2738,198.0533,-19.58,0.017729,ATR Stop Loss (2.5x ATR),True,Cryptovalute,2020-2024 (Crypto Frontier Venture),157
SOL,2021-03-28,2021-05-20,16.4959,35.008,112.22,0.017729,Trailing Stop (30% dal picco),True,Cryptovalute,2020-2024 (Crypto Frontier Venture),158
LINK,2021-05-05,2021-05-19,45.555,21.6386,-52.5,0.018771,Circuit Breaker Emergenza (-50%),True,Cryptovalute,2020-2024 (Crypto Frontier Venture),159
ATOM,2021-05-09,2021-05-18,29.5119,21.031,-28.74,0.023986,ATR Stop Loss (2.5x ATR),True,Cryptovalute,2020-2024 (Crypto Frontier Venture),160
DASH,2021-05-06,2021-05-18,397.089,293.9053,-25.99,0.018771,ATR Stop Loss (2.5x ATR),True,Cryptovalute,2020-2024 (Crypto Frontier Venture),161
CRV,2021-03-28,2021-05-08,3.1277,3.6517,16.75,0.017729,Time-Stop Stagnazione (21gg),True,Cryptovalute,2020-2024 (Crypto Frontier Venture),162
SOL,2021-03-28,2021-04-22,16.4959,37.1158,125.0,0.017729,Freeride De-risk (recupero 100% capitale),True,Cryptovalute,2020-2024 (Crypto Frontier Venture),163
TRX,2021-03-22,2021-04-22,0.0634,0.1227,93.55,0.017729,Trailing Stop (30% dal picco),True,Cryptovalute,2020-2024 (Crypto Frontier Venture),164
ETC,2021-04-01,2021-04-20,14.0973,33.3925,136.87,0.017729,Trailing Stop (30% dal picco),True,Cryptovalute,2020-2024 (Crypto Frontier Venture),165
XRP,2021-03-27,2021-04-20,0.5678,1.3086,130.49,0.017729,Trailing Stop (30% dal picco),True,Cryptovalute,2020-2024 (Crypto Frontier Venture),166
ETC,2021-04-01,2021-04-16,14.0973,31.7188,125.0,0.017729,Freeride De-risk (recupero 100% capitale),True,Cryptovalute,2020-2024 (Crypto Frontier Venture),167
XRP,2021-03-27,2021-04-10,0.5678,1.2775,125.0,0.017729,Freeride De-risk (recupero 100% capitale),True,Cryptovalute,2020-2024 (Crypto Frontier Venture),168
FIL,2021-03-26,2021-04-07,91.0664,165.7635,82.02,0.017729,Trailing Stop (30% dal picco),True,Cryptovalute,2020-2024 (Crypto Frontier Venture),169
TRX,2021-03-22,2021-04-05,0.0634,0.1426,125.0,0.017729,Freeride De-risk (recupero 100% capitale),True,Cryptovalute,2020-2024 (Crypto Frontier Venture),170
FIL,2021-03-26,2021-04-01,91.0664,204.8994,125.0,0.017729,Freeride De-risk (recupero 100% capitale),True,Cryptovalute,2020-2024 (Crypto Frontier Venture),171
MLM,2020-12-25,2021-03-26,265.45,329.89,24.28,0.040567,Rotazione trimestrale,False,Azioni (Low-Beta),2012-2024 (Point-In-Time),172
HBAN,2020-12-25,2021-03-26,9.71,12.76,31.43,0.040567,Rotazione trimestrale,False,Azioni (Low-Beta),2012-2024 (Point-In-Time),173
UAA,2020-12-25,2021-03-26,17.41,22.36,28.43,0.040567,Rotazione trimestrale,False,Azioni (Low-Beta),2012-2024 (Point-In-Time),174
UA,2020-12-25,2021-03-26,15.05,18.31,21.66,0.040567,Rotazione trimestrale,False,Azioni (Low-Beta),2012-2024 (Point-In-Time),175
ALL,2020-12-25,2021-03-26,93.42,101.88,9.05,0.040567,Rotazione trimestrale,False,Azioni (Low-Beta),2012-2024 (Point-In-Time),176
VZ,2020-12-04,2021-03-26,43.43,41.49,-4.46,0.040567,Rotazione trimestrale,False,Azioni (Low-Beta),2012-2024 (Point-In-Time),177
VMC,2020-12-04,2021-03-26,139.86,163.04,16.58,0.040567,Rotazione trimestrale,False,Azioni (Low-Beta),2012-2024 (Point-In-Time),178
AZO,2020-12-04,2021-03-26,1162.63,1413.73,21.6,0.040567,Rotazione trimestrale,False,Azioni (Low-Beta),2012-2024 (Point-In-Time),179
HOG,2020-12-04,2021-03-26,35.27,32.55,-7.69,0.040567,Rotazione trimestrale,False,Azioni (Low-Beta),2012-2024 (Point-In-Time),180
BTC,2020-06-05,2021-03-26,16190.9954,55137.3125,240.54,0.0176,Ribilanciamento mensile (trim parziale),True,Cryptovalute,2012-2024 (Point-In-Time),181
ADA,2021-01-17,2021-03-16,0.3527,1.0322,192.67,0.021114,Trailing Stop (30% dal picco),True,Cryptovalute,2020-2024 (Crypto Frontier Venture),182
LINK,2021-01-24,2021-03-14,24.7959,29.7414,19.94,0.021114,Time-Stop Stagnazione (21gg),True,Cryptovalute,2020-2024 (Crypto Frontier Venture),183
DASH,2021-02-19,2021-03-13,282.3662,225.3032,-20.21,0.020243,Time-Stop Stagnazione (21gg),True,Cryptovalute,2020-2024 (Crypto Frontier Venture),184
SOL,2021-01-18,2021-03-06,3.826,12.5574,228.22,0.021114,Trailing Stop (30% dal picco),True,Cryptovalute,2020-2024 (Crypto Frontier Venture),185
CRV,2021-01-24,2021-02-28,2.141,1.9611,-8.4,0.021114,Time-Stop Stagnazione (21gg),True,Cryptovalute,2020-2024 (Crypto Frontier Venture),186
ATOM,2021-01-19,2021-02-26,9.5151,17.7849,86.91,0.021114,Trailing Stop (30% dal picco),True,Cryptovalute,2020-2024 (Crypto Frontier Venture),187
BTC,2020-06-05,2021-02-26,16190.9954,46339.7617,186.21,0.0088,Ribilanciamento mensile (trim parziale),True,Cryptovalute,2012-2024 (Point-In-Time),188
LTC,2021-02-18,2021-02-24,237.1862,176.7898,-25.46,0.020243,ATR Stop Loss (2.5x ATR),True,Cryptovalute,2020-2024 (Crypto Frontier Venture),189
EGLD,2021-01-28,2021-02-16,53.5024,139.8976,161.48,0.021114,Trailing Stop (30% dal picco),True,Cryptovalute,2020-2024 (Crypto Frontier Venture),190
AVAX,2021-01-18,2021-02-15,13.1924,38.507,191.89,0.021114,Trailing Stop (30% dal picco),True,Cryptovalute,2020-2024 (Crypto Frontier Venture),191
ATOM,2021-01-19,2021-02-12,9.5151,21.409,125.0,0.021114,Freeride De-risk (recupero 100% capitale),True,Cryptovalute,2020-2024 (Crypto Frontier Venture),192
SOL,2021-01-18,2021-02-10,3.826,8.6084,125.0,0.021114,Freeride De-risk (recupero 100% capitale),True,Cryptovalute,2020-2024 (Crypto Frontier Venture),193
ADA,2021-01-17,2021-02-10,0.3527,0.7936,125.0,0.021114,Freeride De-risk (recupero 100% capitale),True,Cryptovalute,2020-2024 (Crypto Frontier Venture),194
AVAX,2021-01-18,2021-02-08,13.1924,29.6829,125.0,0.021114,Freeride De-risk (recupero 100% capitale),True,Cryptovalute,2020-2024 (Crypto Frontier Venture),195
EGLD,2021-01-28,2021-02-07,53.5024,120.3805,125.0,0.021114,Freeride De-risk (recupero 100% capitale),True,Cryptovalute,2020-2024 (Crypto Frontier Venture),196
PSA,2020-12-04,2020-12-25,176.04,181.09,2.87,0.040567,Rotazione trimestrale,False,Azioni (Low-Beta),2012-2024 (Point-In-Time),197
WEC,2020-12-04,2020-12-25,76.93,73.75,-4.14,0.040567,Rotazione trimestrale,False,Azioni (Low-Beta),2012-2024 (Point-In-Time),198
DG,2020-12-04,2020-12-25,195.14,193.17,-1.01,0.040567,Rotazione trimestrale,False,Azioni (Low-Beta),2012-2024 (Point-In-Time),199
CL,2020-12-04,2020-12-25,74.24,74.25,0.01,0.040567,Rotazione trimestrale,False,Azioni (Low-Beta),2012-2024 (Point-In-Time),200
FFIV,2020-12-04,2020-12-25,166.07,175.61,5.74,0.040567,Rotazione trimestrale,False,Azioni (Low-Beta),2012-2024 (Point-In-Time),201
MCD,2020-12-04,2020-12-25,184.39,184.96,0.31,0.040567,Rotazione trimestrale,False,Azioni (Low-Beta),2012-2024 (Point-In-Time),202
RMD,2020-12-04,2020-12-25,199.29,201.88,1.3,0.040567,Rotazione trimestrale,False,Azioni (Low-Beta),2012-2024 (Point-In-Time),203
BTC,2020-06-05,2020-12-25,16190.9954,24664.791,52.34,0.2325,Ribilanciamento mensile (trim parziale),True,Cryptovalute,2012-2024 (Point-In-Time),204
IEF,2020-10-02,2020-11-06,986.44,977.42,-0.92,0.7525,Disattivazione regime macro,False,Obbligazioni,2012-2024 (Point-In-Time),205
VRSN,2020-09-25,2020-11-06,201.92,202.99,0.53,0.050453,Disattivazione regime macro equity,False,Azioni (Low-Beta),2012-2024 (Point-In-Time),206
VRSK,2020-09-25,2020-11-06,174.47,189.88,8.83,0.050453,Disattivazione regime macro equity,False,Azioni (Low-Beta),2012-2024 (Point-In-Time),207
VRTX,2020-09-25,2020-11-06,268.18,220.28,-17.86,0.050453,Disattivazione regime macro equity,False,Azioni (Low-Beta),2012-2024 (Point-In-Time),208
EQIX,2020-09-25,2020-11-06,669.74,708.13,5.73,0.050453,Disattivazione regime macro equity,False,Azioni (Low-Beta),2012-2024 (Point-In-Time),209
PGR,2020-09-25,2020-11-06,78.74,83.34,5.84,0.050453,Disattivazione regime macro equity,False,Azioni (Low-Beta),2012-2024 (Point-In-Time),210
RMD,2020-09-25,2020-11-06,160.37,203.21,26.71,0.050453,Disattivazione regime macro equity,False,Azioni (Low-Beta),2012-2024 (Point-In-Time),211
KR,2020-07-03,2020-11-06,29.28,29.15,-0.47,0.050453,Disattivazione regime macro equity,False,Azioni (Low-Beta),2012-2024 (Point-In-Time),212
CLX,2020-07-03,2020-11-06,181.33,179.79,-0.85,0.050453,Disattivazione regime macro equity,False,Azioni (Low-Beta),2012-2024 (Point-In-Time),213
CAG,2020-07-03,2020-11-06,26.38,27.23,3.25,0.050453,Disattivazione regime macro equity,False,Azioni (Low-Beta),2012-2024 (Point-In-Time),214
NFLX,2020-07-03,2020-11-06,47.69,51.47,7.93,0.050453,Disattivazione regime macro equity,False,Azioni (Low-Beta),2012-2024 (Point-In-Time),215
ROL,2020-07-03,2020-11-06,26.53,38.97,46.9,0.050453,Disattivazione regime macro equity,False,Azioni (Low-Beta),2012-2024 (Point-In-Time),216
TTWO,2020-07-03,2020-11-06,144.4,175.19,21.32,0.050453,Disattivazione regime macro equity,False,Azioni (Low-Beta),2012-2024 (Point-In-Time),217
AKAM,2020-07-03,2020-11-06,113.12,101.63,-10.16,0.050453,Disattivazione regime macro equity,False,Azioni (Low-Beta),2012-2024 (Point-In-Time),218
ABMD,2020-07-03,2020-11-06,118.75,120.62,1.58,0.050453,Disattivazione regime macro equity,False,Azioni (Low-Beta),2012-2024 (Point-In-Time),219
MKTX,2020-07-03,2020-11-06,467.23,539.82,15.54,0.050453,Disattivazione regime macro equity,False,Azioni (Low-Beta),2012-2024 (Point-In-Time),220
BTC,2020-06-05,2020-10-30,10453.7267,13546.5225,29.59,0.152,Ribilanciamento mensile (trim parziale),True,Cryptovalute,2012-2024 (Point-In-Time),221
CERN,2020-07-03,2020-09-25,51.25,55.02,7.35,0.012893,Rotazione trimestrale,False,Azioni (Low-Beta),2012-2024 (Point-In-Time),222
CHRW,2020-07-03,2020-09-25,68.81,89.41,29.94,0.012893,Rotazione trimestrale,False,Azioni (Low-Beta),2012-2024 (Point-In-Time),223
AMZN,2020-07-03,2020-09-25,144.51,154.76,7.09,0.012893,Rotazione trimestrale,False,Azioni (Low-Beta),2012-2024 (Point-In-Time),224
GILD,2020-07-03,2020-09-25,60.91,50.18,-17.61,0.012893,Rotazione trimestrale,False,Azioni (Low-Beta),2012-2024 (Point-In-Time),225
REGN,2020-07-03,2020-09-25,616.63,568.69,-7.77,0.012893,Rotazione trimestrale,False,Azioni (Low-Beta),2012-2024 (Point-In-Time),226
CPB,2020-07-03,2020-09-25,39.0,37.87,-2.89,0.012893,Rotazione trimestrale,False,Azioni (Low-Beta),2012-2024 (Point-In-Time),227
FIL,2020-08-25,2020-09-20,21.9972,18.1182,-17.63,0.008243,Time-Stop Stagnazione (21gg),True,Cryptovalute,2020-2024 (Crypto Frontier Venture),228
ATOM,2020-08-11,2020-09-16,5.488,4.8754,-11.16,0.008243,Time-Stop Stagnazione (21gg),True,Cryptovalute,2020-2024 (Crypto Frontier Venture),229
XRP,2020-07-09,2020-09-08,0.2048,0.2418,18.06,0.007457,Time-Stop Stagnazione (21gg),True,Cryptovalute,2020-2024 (Crypto Frontier Venture),230
SOL,2020-08-29,2020-09-06,4.0182,2.5977,-35.35,0.008243,ATR Stop Loss (2.5x ATR),True,Cryptovalute,2020-2024 (Crypto Frontier Venture),231
LTC,2020-07-31,2020-09-04,56.7115,47.7314,-15.83,0.007457,ATR Stop Loss (2.5x ATR),True,Cryptovalute,2020-2024 (Crypto Frontier Venture),232
MKR,2020-07-31,2020-09-04,571.1986,573.6676,0.43,0.007457,Time-Stop Stagnazione (21gg),True,Cryptovalute,2020-2024 (Crypto Frontier Venture),233
IEF,2020-02-07,2020-09-04,943.67,984.02,4.28,0.7491,Disattivazione regime macro,False,Obbligazioni,2012-2024 (Point-In-Time),234
ZEC,2020-06-24,2020-08-28,58.4411,74.2972,27.13,0.009129,Time-Stop Stagnazione (21gg),True,Cryptovalute,2020-2024 (Crypto Frontier Venture),235
IEF,2020-02-07,2020-08-28,943.67,982.58,4.12,0.0053,Ribilanciamento mensile (trim parziale),False,Obbligazioni,2012-2024 (Point-In-Time),236
TRX,2020-08-18,2020-08-22,0.0304,0.0243,-19.89,0.008243,ATR Stop Loss (2.5x ATR),True,Cryptovalute,2020-2024 (Crypto Frontier Venture),237
LINK,2020-06-24,2020-08-22,4.8135,13.8208,187.13,0.009129,Trailing Stop (30% dal picco),True,Cryptovalute,2020-2024 (Crypto Frontier Venture),238
ADA,2020-07-02,2020-08-17,0.097,0.1383,42.62,0.009129,Time-Stop Stagnazione (21gg),True,Cryptovalute,2020-2024 (Crypto Frontier Venture),239
ATOM,2020-07-08,2020-08-09,3.2447,4.4294,36.51,0.007457,Time-Stop Stagnazione (21gg),True,Cryptovalute,2020-2024 (Crypto Frontier Venture),240
LINK,2020-06-24,2020-08-08,4.8135,10.8304,125.0,0.009129,Freeride De-risk (recupero 100% capitale),True,Cryptovalute,2020-2024 (Crypto Frontier Venture),241
BTC,2020-06-05,2020-07-31,9665.5332,11323.4668,17.15,0.0117,Ribilanciamento mensile (trim parziale),True,Cryptovalute,2012-2024 (Point-In-Time),242
IEF,2020-02-07,2020-07-31,943.67,993.27,5.26,0.1817,Ribilanciamento mensile (trim parziale),False,Obbligazioni,2012-2024 (Point-In-Time),243
IEF,2020-02-07,2020-06-26,943.67,985.66,4.45,0.0639,Ribilanciamento mensile (trim parziale),False,Obbligazioni,2012-2024 (Point-In-Time),244
BTC,2020-02-07,2020-03-06,9795.9434,9122.5459,-6.87,0.0505,Disattivazione regime macro crypto,True,Cryptovalute,2012-2024 (Point-In-Time),245
GLD,2020-01-03,2020-03-06,339.61,366.83,8.01,0.0754,Disattivazione regime macro,False,Oro,2012-2024 (Point-In-Time),246
AMGN,2019-12-27,2020-03-06,196.77,172.83,-12.17,0.066667,Disattivazione regime macro equity,False,Azioni (Low-Beta),2012-2024 (Point-In-Time),247
MLM,2019-12-27,2020-03-06,266.3,228.66,-14.13,0.066667,Disattivazione regime macro equity,False,Azioni (Low-Beta),2012-2024 (Point-In-Time),248
EIX,2019-12-27,2020-03-06,54.96,49.81,-9.37,0.066667,Disattivazione regime macro equity,False,Azioni (Low-Beta),2012-2024 (Point-In-Time),249
LEN,2019-12-27,2020-03-06,49.17,55.03,11.91,0.066667,Disattivazione regime macro equity,False,Azioni (Low-Beta),2012-2024 (Point-In-Time),250
EQIX,2019-12-27,2020-03-06,513.26,538.54,4.93,0.066667,Disattivazione regime macro equity,False,Azioni (Low-Beta),2012-2024 (Point-In-Time),251
AKAM,2019-12-27,2020-03-06,86.5,90.62,4.76,0.066667,Disattivazione regime macro equity,False,Azioni (Low-Beta),2012-2024 (Point-In-Time),252
MRK,2019-09-27,2020-03-06,64.04,63.93,-0.18,0.066667,Disattivazione regime macro equity,False,Azioni (Low-Beta),2012-2024 (Point-In-Time),253
TGT,2019-09-27,2020-03-06,87.59,88.47,1.0,0.066667,Disattivazione regime macro equity,False,Azioni (Low-Beta),2012-2024 (Point-In-Time),254
DHI,2019-09-27,2020-03-06,48.43,51.21,5.74,0.066667,Disattivazione regime macro equity,False,Azioni (Low-Beta),2012-2024 (Point-In-Time),255
LW,2019-09-27,2020-03-06,64.87,74.09,14.22,0.066667,Disattivazione regime macro equity,False,Azioni (Low-Beta),2012-2024 (Point-In-Time),256
NEE,2019-09-27,2020-03-06,48.52,57.64,18.78,0.066667,Disattivazione regime macro equity,False,Azioni (Low-Beta),2012-2024 (Point-In-Time),257
NEM,2019-07-05,2020-03-06,31.8,43.77,37.63,0.066667,Disattivazione regime macro equity,False,Azioni (Low-Beta),2012-2024 (Point-In-Time),258
AMT,2019-07-05,2020-03-06,172.22,204.72,18.87,0.066667,Disattivazione regime macro equity,False,Azioni (Low-Beta),2012-2024 (Point-In-Time),259
HSY,2019-07-05,2020-03-06,116.34,133.48,14.74,0.066667,Disattivazione regime macro equity,False,Azioni (Low-Beta),2012-2024 (Point-In-Time),260
CME,2019-07-05,2020-03-06,154.84,168.35,8.72,0.066667,Disattivazione regime macro equity,False,Azioni (Low-Beta),2012-2024 (Point-In-Time),261
GLD,2020-01-03,2020-02-28,339.61,345.48,1.73,0.1757,Ribilanciamento mensile (trim parziale),False,Oro,2012-2024 (Point-In-Time),262
CTAS,2019-09-27,2019-12-27,61.81,63.09,2.06,0.01966,Rotazione trimestrale,False,Azioni (Low-Beta),2012-2024 (Point-In-Time),263
MCD,2019-09-27,2019-12-27,180.81,169.17,-6.44,0.01966,Rotazione trimestrale,False,Azioni (Low-Beta),2012-2024 (Point-In-Time),264
RMD,2019-09-27,2019-12-27,125.56,147.2,17.23,0.01966,Rotazione trimestrale,False,Azioni (Low-Beta),2012-2024 (Point-In-Time),265
PSA,2019-07-05,2019-12-27,183.46,161.15,-12.16,0.01966,Rotazione trimestrale,False,Azioni (Low-Beta),2012-2024 (Point-In-Time),266
AWK,2019-07-05,2019-12-27,102.29,107.53,5.13,0.01966,Rotazione trimestrale,False,Azioni (Low-Beta),2012-2024 (Point-In-Time),267
JCI,2019-07-05,2019-12-27,36.34,36.07,-0.74,0.01966,Rotazione trimestrale,False,Azioni (Low-Beta),2012-2024 (Point-In-Time),268
GLD,2019-07-05,2019-12-06,331.54,320.42,-3.35,0.0647,Disattivazione regime macro,False,Oro,2012-2024 (Point-In-Time),269
IEF,2018-12-07,2019-12-06,838.85,890.34,6.14,0.5931,Disattivazione regime macro,False,Obbligazioni,2012-2024 (Point-In-Time),270
BTC,2019-06-07,2019-10-04,8043.9512,8205.9395,2.01,0.0563,Disattivazione regime macro crypto,True,Cryptovalute,2012-2024 (Point-In-Time),271
GLD,2019-07-05,2019-09-27,331.75,328.43,-1.0,0.0268,Ribilanciamento mensile (trim parziale),False,Oro,2012-2024 (Point-In-Time),272
FIS,2019-07-05,2019-09-27,109.57,113.23,3.34,0.0178,Rotazione trimestrale,False,Azioni (Low-Beta),2012-2024 (Point-In-Time),273
TTWO,2019-07-05,2019-09-27,117.23,123.97,5.75,0.0178,Rotazione trimestrale,False,Azioni (Low-Beta),2012-2024 (Point-In-Time),274
PHM,2019-07-05,2019-09-27,29.73,33.53,12.81,0.0178,Rotazione trimestrale,False,Azioni (Low-Beta),2012-2024 (Point-In-Time),275
ED,2019-07-05,2019-09-27,68.55,73.65,7.45,0.0178,Rotazione trimestrale,False,Azioni (Low-Beta),2012-2024 (Point-In-Time),276
DLTR,2019-07-05,2019-09-27,109.64,114.3,4.25,0.0178,Rotazione trimestrale,False,Azioni (Low-Beta),2012-2024 (Point-In-Time),277
RSG,2019-07-05,2019-09-27,79.21,78.05,-1.46,0.0178,Rotazione trimestrale,False,Azioni (Low-Beta),2012-2024 (Point-In-Time),278
NCLH,2019-07-05,2019-09-27,51.95,51.02,-1.79,0.0178,Rotazione trimestrale,False,Azioni (Low-Beta),2012-2024 (Point-In-Time),279
HRB,2019-07-05,2019-09-27,21.67,17.72,-18.21,0.0178,Rotazione trimestrale,False,Azioni (Low-Beta),2012-2024 (Point-In-Time),280
BTC,2019-06-07,2019-09-27,8043.9512,8251.8457,2.58,0.0095,Ribilanciamento mensile (trim parziale),True,Cryptovalute,2012-2024 (Point-In-Time),281
IEF,2018-12-07,2019-08-30,834.69,909.15,8.92,0.1042,Ribilanciamento mensile (trim parziale),False,Obbligazioni,2012-2024 (Point-In-Time),282
BTC,2019-06-07,2019-07-26,8043.9512,9870.3037,22.7,0.0281,Ribilanciamento mensile (trim parziale),True,Cryptovalute,2012-2024 (Point-In-Time),283
IEF,2018-12-07,2019-07-26,834.69,871.17,4.37,0.248,Ribilanciamento mensile (trim parziale),False,Obbligazioni,2012-2024 (Point-In-Time),284
PHM,2019-03-29,2019-06-07,25.93,30.37,17.13,0.0288,Disattivazione regime macro equity,False,Azioni (Low-Beta),2012-2024 (Point-In-Time),285
HIG,2019-03-29,2019-06-07,42.28,47.01,11.19,0.0288,Disattivazione regime macro equity,False,Azioni (Low-Beta),2012-2024 (Point-In-Time),286
LW,2019-03-29,2019-06-07,65.88,53.77,-18.38,0.0288,Disattivazione regime macro equity,False,Azioni (Low-Beta),2012-2024 (Point-In-Time),287
HSY,2019-03-29,2019-06-07,96.09,116.13,20.85,0.0288,Disattivazione regime macro equity,False,Azioni (Low-Beta),2012-2024 (Point-In-Time),288
CPB,2019-03-29,2019-06-07,28.98,33.03,13.99,0.0288,Disattivazione regime macro equity,False,Azioni (Low-Beta),2012-2024 (Point-In-Time),289
NEM,2019-03-01,2019-06-07,27.09,29.52,8.98,0.0288,Disattivazione regime macro equity,False,Azioni (Low-Beta),2012-2024 (Point-In-Time),290
D,2019-03-01,2019-06-07,53.94,55.32,2.55,0.0288,Disattivazione regime macro equity,False,Azioni (Low-Beta),2012-2024 (Point-In-Time),291
AZO,2019-03-01,2019-06-07,929.32,1099.14,18.27,0.0288,Disattivazione regime macro equity,False,Azioni (Low-Beta),2012-2024 (Point-In-Time),292
PSA,2019-03-01,2019-06-07,155.87,181.95,16.73,0.0288,Disattivazione regime macro equity,False,Azioni (Low-Beta),2012-2024 (Point-In-Time),293
DUK,2019-03-01,2019-06-07,66.54,65.39,-1.73,0.0288,Disattivazione regime macro equity,False,Azioni (Low-Beta),2012-2024 (Point-In-Time),294
O,2019-03-01,2019-06-07,46.58,49.41,6.09,0.0288,Disattivazione regime macro equity,False,Azioni (Low-Beta),2012-2024 (Point-In-Time),295
HRL,2019-03-01,2019-06-07,34.77,33.87,-2.6,0.0288,Disattivazione regime macro equity,False,Azioni (Low-Beta),2012-2024 (Point-In-Time),296
LIN,2019-03-01,2019-06-07,150.14,180.17,20.0,0.0288,Disattivazione regime macro equity,False,Azioni (Low-Beta),2012-2024 (Point-In-Time),297
VZ,2019-03-01,2019-06-07,37.33,37.9,1.53,0.0288,Disattivazione regime macro equity,False,Azioni (Low-Beta),2012-2024 (Point-In-Time),298
RSG,2019-03-01,2019-06-07,70.44,78.23,11.05,0.0288,Disattivazione regime macro equity,False,Azioni (Low-Beta),2012-2024 (Point-In-Time),299
GLD,2019-01-04,2019-05-03,282.75,280.91,-0.65,0.0262,Disattivazione regime macro,False,Oro,2012-2024 (Point-In-Time),300
GLD,2019-01-04,2019-04-26,282.75,282.59,-0.06,0.065,Ribilanciamento mensile (trim parziale),False,Oro,2012-2024 (Point-In-Time),301
GIS,2019-03-01,2019-03-29,35.6,39.01,9.59,0.0288,Rotazione trimestrale,False,Azioni (Low-Beta),2012-2024 (Point-In-Time),302
CME,2019-03-01,2019-03-29,138.29,125.19,-9.47,0.0288,Rotazione trimestrale,False,Azioni (Low-Beta),2012-2024 (Point-In-Time),303
AIV,2019-03-01,2019-03-29,1.61,1.65,2.51,0.0288,Rotazione trimestrale,False,Azioni (Low-Beta),2012-2024 (Point-In-Time),304
AJG,2019-03-01,2019-03-29,73.15,71.13,-2.76,0.0288,Rotazione trimestrale,False,Azioni (Low-Beta),2012-2024 (Point-In-Time),305
MCD,2019-03-01,2019-03-29,155.23,159.3,2.62,0.0288,Rotazione trimestrale,False,Azioni (Low-Beta),2012-2024 (Point-In-Time),306
GLD,2019-01-04,2019-03-29,282.75,284.08,0.47,0.0131,Ribilanciamento mensile (trim parziale),False,Oro,2012-2024 (Point-In-Time),307
IEF,2018-12-07,2019-03-29,807.56,842.56,4.33,0.4189,Ribilanciamento mensile (trim parziale),False,Obbligazioni,2012-2024 (Point-In-Time),308
GLD,2019-01-04,2019-02-22,282.75,292.2,3.34,0.0171,Ribilanciamento mensile (trim parziale),False,Oro,2012-2024 (Point-In-Time),309
IEF,2018-12-07,2019-01-25,807.22,816.84,1.19,0.1214,Ribilanciamento mensile (trim parziale),False,Obbligazioni,2012-2024 (Point-In-Time),310
TGT,2018-09-28,2018-11-02,70.39,67.36,-4.31,0.02576,Disattivazione regime macro equity,False,Azioni (Low-Beta),2012-2024 (Point-In-Time),311
AIZ,2018-09-28,2018-11-02,93.3,83.54,-10.47,0.02576,Disattivazione regime macro equity,False,Azioni (Low-Beta),2012-2024 (Point-In-Time),312
KIM,2018-09-28,2018-11-02,11.34,10.77,-4.98,0.02576,Disattivazione regime macro equity,False,Azioni (Low-Beta),2012-2024 (Point-In-Time),313
DRI,2018-09-28,2018-11-02,88.62,84.51,-4.64,0.02576,Disattivazione regime macro equity,False,Azioni (Low-Beta),2012-2024 (Point-In-Time),314
VTR,2018-09-28,2018-11-02,40.07,41.7,4.06,0.02576,Disattivazione regime macro equity,False,Azioni (Low-Beta),2012-2024 (Point-In-Time),315
ANDV,2018-09-28,2018-11-02,153.5,153.5,0.0,0.02576,Disattivazione regime macro equity,False,Azioni (Low-Beta),2012-2024 (Point-In-Time),316
NKE,2018-09-28,2018-11-02,75.12,67.9,-9.61,0.02576,Disattivazione regime macro equity,False,Azioni (Low-Beta),2012-2024 (Point-In-Time),317
M,2018-09-28,2018-11-02,25.11,25.7,2.33,0.02576,Disattivazione regime macro equity,False,Azioni (Low-Beta),2012-2024 (Point-In-Time),318
KR,2018-09-28,2018-11-02,24.5,25.39,3.64,0.02576,Disattivazione regime macro equity,False,Azioni (Low-Beta),2012-2024 (Point-In-Time),319
SCG,2018-09-28,2018-11-02,38.79,39.91,2.88,0.02576,Disattivazione regime macro equity,False,Azioni (Low-Beta),2012-2024 (Point-In-Time),320
KSS,2018-09-28,2018-11-02,48.87,50.42,3.15,0.02576,Disattivazione regime macro equity,False,Azioni (Low-Beta),2012-2024 (Point-In-Time),321
BMY,2018-09-28,2018-11-02,46.06,37.85,-17.82,0.02576,Disattivazione regime macro equity,False,Azioni (Low-Beta),2012-2024 (Point-In-Time),322
RSG,2018-09-28,2018-11-02,64.85,63.93,-1.42,0.02576,Disattivazione regime macro equity,False,Azioni (Low-Beta),2012-2024 (Point-In-Time),323
AEE,2018-06-01,2018-11-02,45.68,50.77,11.14,0.02576,Disattivazione regime macro equity,False,Azioni (Low-Beta),2012-2024 (Point-In-Time),324
ETR,2018-06-01,2018-11-02,29.84,31.34,5.06,0.02576,Disattivazione regime macro equity,False,Azioni (Low-Beta),2012-2024 (Point-In-Time),325
IEF,2018-09-07,2018-10-05,795.09,779.58,-1.95,0.6136,Disattivazione regime macro,False,Obbligazioni,2012-2024 (Point-In-Time),326
VNO,2018-06-29,2018-09-28,53.02,52.83,-0.37,0.066667,Rotazione trimestrale,False,Azioni (Low-Beta),2012-2024 (Point-In-Time),327
DG,2018-06-29,2018-09-28,88.08,97.93,11.18,0.066667,Rotazione trimestrale,False,Azioni (Low-Beta),2012-2024 (Point-In-Time),328
HAS,2018-06-29,2018-09-28,68.73,78.77,14.6,0.066667,Rotazione trimestrale,False,Azioni (Low-Beta),2012-2024 (Point-In-Time),329
TPR,2018-06-29,2018-09-28,37.74,40.89,8.35,0.066667,Rotazione trimestrale,False,Azioni (Low-Beta),2012-2024 (Point-In-Time),330
CHD,2018-06-29,2018-09-28,48.08,53.9,12.12,0.066667,Rotazione trimestrale,False,Azioni (Low-Beta),2012-2024 (Point-In-Time),331
OMC,2018-06-29,2018-09-28,57.1,51.37,-10.03,0.066667,Rotazione trimestrale,False,Azioni (Low-Beta),2012-2024 (Point-In-Time),332
PSA,2018-06-01,2018-09-28,151.27,146.86,-2.92,0.066667,Rotazione trimestrale,False,Azioni (Low-Beta),2012-2024 (Point-In-Time),333
VFC,2018-06-01,2018-09-28,59.57,69.17,16.12,0.066667,Rotazione trimestrale,False,Azioni (Low-Beta),2012-2024 (Point-In-Time),334
HCA,2018-06-01,2018-09-28,97.29,130.09,33.71,0.066667,Rotazione trimestrale,False,Azioni (Low-Beta),2012-2024 (Point-In-Time),335
MAT,2018-06-01,2018-09-28,15.8,15.7,-0.63,0.066667,Rotazione trimestrale,False,Azioni (Low-Beta),2012-2024 (Point-In-Time),336
SPG,2018-06-01,2018-09-28,104.6,116.29,11.17,0.066667,Rotazione trimestrale,False,Azioni (Low-Beta),2012-2024 (Point-In-Time),337
QRVO,2018-06-01,2018-09-28,81.81,76.89,-6.01,0.066667,Rotazione trimestrale,False,Azioni (Low-Beta),2012-2024 (Point-In-Time),338
DPS,2018-06-01,2018-09-28,15.87,19.04,20.0,0.066667,Rotazione trimestrale,False,Azioni (Low-Beta),2012-2024 (Point-In-Time),339
TGT,2018-06-01,2018-06-29,57.64,60.27,4.56,0.066667,Rotazione trimestrale,False,Azioni (Low-Beta),2012-2024 (Point-In-Time),340
NOC,2018-06-01,2018-06-29,288.13,268.67,-6.75,0.066667,Rotazione trimestrale,False,Azioni (Low-Beta),2012-2024 (Point-In-Time),341
KR,2018-06-01,2018-06-29,20.45,23.83,16.5,0.066667,Rotazione trimestrale,False,Azioni (Low-Beta),2012-2024 (Point-In-Time),342
TJX,2018-06-01,2018-06-29,40.46,42.59,5.26,0.066667,Rotazione trimestrale,False,Azioni (Low-Beta),2012-2024 (Point-In-Time),343
UHS,2018-06-01,2018-06-29,109.97,107.36,-2.37,0.066667,Rotazione trimestrale,False,Azioni (Low-Beta),2012-2024 (Point-In-Time),344
FFIV,2018-06-01,2018-06-29,175.19,172.45,-1.56,0.066667,Rotazione trimestrale,False,Azioni (Low-Beta),2012-2024 (Point-In-Time),345
NOC,2018-03-30,2018-04-06,303.72,305.98,0.74,0.066667,Disattivazione regime macro equity,False,Azioni (Low-Beta),2012-2024 (Point-In-Time),346
VFC,2018-03-30,2018-04-06,54.29,55.89,2.95,0.066667,Disattivazione regime macro equity,False,Azioni (Low-Beta),2012-2024 (Point-In-Time),347
TPR,2018-03-30,2018-04-06,42.19,42.08,-0.27,0.066667,Disattivazione regime macro equity,False,Azioni (Low-Beta),2012-2024 (Point-In-Time),348
OXY,2018-03-30,2018-04-06,53.33,55.44,3.96,0.066667,Disattivazione regime macro equity,False,Azioni (Low-Beta),2012-2024 (Point-In-Time),349
CHD,2018-03-30,2018-04-06,45.34,44.56,-1.71,0.066667,Disattivazione regime macro equity,False,Azioni (Low-Beta),2012-2024 (Point-In-Time),350
LMT,2018-03-30,2018-04-06,269.59,266.98,-0.97,0.066667,Disattivazione regime macro equity,False,Azioni (Low-Beta),2012-2024 (Point-In-Time),351
TJX,2018-03-30,2018-04-06,36.33,37.16,2.31,0.066667,Disattivazione regime macro equity,False,Azioni (Low-Beta),2012-2024 (Point-In-Time),352
FFIV,2018-03-30,2018-04-06,144.61,140.71,-2.7,0.066667,Disattivazione regime macro equity,False,Azioni (Low-Beta),2012-2024 (Point-In-Time),353
DPS,2018-03-30,2018-04-06,15.66,15.69,0.19,0.066667,Disattivazione regime macro equity,False,Azioni (Low-Beta),2012-2024 (Point-In-Time),354
UHS,2018-03-30,2018-04-06,113.98,114.06,0.08,0.066667,Disattivazione regime macro equity,False,Azioni (Low-Beta),2012-2024 (Point-In-Time),355
DLTR,2018-03-30,2018-04-06,94.9,98.72,4.03,0.066667,Disattivazione regime macro equity,False,Azioni (Low-Beta),2012-2024 (Point-In-Time),356
FE,2018-03-30,2018-04-06,24.06,24.19,0.56,0.066667,Disattivazione regime macro equity,False,Azioni (Low-Beta),2012-2024 (Point-In-Time),357
ETR,2018-03-30,2018-04-06,29.01,29.09,0.25,0.066667,Disattivazione regime macro equity,False,Azioni (Low-Beta),2012-2024 (Point-In-Time),358
COTY,2017-12-29,2018-04-06,18.09,16.74,-7.48,0.066667,Disattivazione regime macro equity,False,Azioni (Low-Beta),2012-2024 (Point-In-Time),359
EXR,2017-09-29,2018-04-06,57.59,63.69,10.59,0.066667,Disattivazione regime macro equity,False,Azioni (Low-Beta),2012-2024 (Point-In-Time),360
CMS,2017-12-29,2018-03-30,36.44,35.18,-3.44,0.059293,Rotazione trimestrale,False,Azioni (Low-Beta),2012-2024 (Point-In-Time),361
LRCX,2017-12-29,2018-03-30,16.4,18.14,10.65,0.059293,Rotazione trimestrale,False,Azioni (Low-Beta),2012-2024 (Point-In-Time),362
GRMN,2017-12-29,2018-03-30,48.72,48.6,-0.24,0.059293,Rotazione trimestrale,False,Azioni (Low-Beta),2012-2024 (Point-In-Time),363
PRGO,2017-12-29,2018-03-30,66.52,63.75,-4.16,0.059293,Rotazione trimestrale,False,Azioni (Low-Beta),2012-2024 (Point-In-Time),364
ISRG,2017-12-29,2018-03-30,121.65,137.61,13.12,0.059293,Rotazione trimestrale,False,Azioni (Low-Beta),2012-2024 (Point-In-Time),365
IRM,2017-12-29,2018-03-30,23.92,21.21,-11.34,0.059293,Rotazione trimestrale,False,Azioni (Low-Beta),2012-2024 (Point-In-Time),366
SJM,2017-12-29,2018-03-30,93.33,93.77,0.47,0.059293,Rotazione trimestrale,False,Azioni (Low-Beta),2012-2024 (Point-In-Time),367
MCD,2017-12-29,2018-03-30,139.92,127.93,-8.57,0.059293,Rotazione trimestrale,False,Azioni (Low-Beta),2012-2024 (Point-In-Time),368
NDAQ,2017-09-29,2018-03-30,22.6,25.36,12.2,0.059293,Rotazione trimestrale,False,Azioni (Low-Beta),2012-2024 (Point-In-Time),369
JBHT,2017-09-29,2018-03-30,102.41,108.46,5.91,0.059293,Rotazione trimestrale,False,Azioni (Low-Beta),2012-2024 (Point-In-Time),370
RL,2017-09-29,2018-03-30,74.83,95.65,27.83,0.059293,Rotazione trimestrale,False,Azioni (Low-Beta),2012-2024 (Point-In-Time),371
ES,2017-06-30,2018-03-30,44.24,43.97,-0.61,0.059293,Rotazione trimestrale,False,Azioni (Low-Beta),2012-2024 (Point-In-Time),372
WMT,2017-06-30,2018-03-30,21.8,26.08,19.63,0.059293,Rotazione trimestrale,False,Azioni (Low-Beta),2012-2024 (Point-In-Time),373
GLD,2018-02-02,2018-03-02,294.28,291.95,-0.79,0.0368,Disattivazione regime macro,False,Oro,2012-2024 (Point-In-Time),374
BTC,2015-11-06,2018-03-02,4068.3645,11086.4004,172.5,0.0891,Disattivazione regime macro crypto,True,Cryptovalute,2012-2024 (Point-In-Time),375
BTC,2015-11-06,2018-02-23,4068.3645,10301.0996,153.2,0.0265,Ribilanciamento mensile (trim parziale),True,Cryptovalute,2012-2024 (Point-In-Time),376
PSA,2017-09-29,2017-12-29,150.0,147.9,-1.4,0.02052,Rotazione trimestrale,False,Azioni (Low-Beta),2012-2024 (Point-In-Time),377
BDX,2017-09-29,2017-12-29,131.19,143.81,9.62,0.02052,Rotazione trimestrale,False,Azioni (Low-Beta),2012-2024 (Point-In-Time),378
CME,2017-09-29,2017-12-29,97.39,107.82,10.71,0.02052,Rotazione trimestrale,False,Azioni (Low-Beta),2012-2024 (Point-In-Time),379
NEM,2017-09-29,2017-12-29,29.5,29.57,0.24,0.02052,Rotazione trimestrale,False,Azioni (Low-Beta),2012-2024 (Point-In-Time),380
MUR,2017-09-29,2017-12-29,19.33,22.78,17.89,0.02052,Rotazione trimestrale,False,Azioni (Low-Beta),2012-2024 (Point-In-Time),381
HRB,2017-09-29,2017-12-29,18.62,18.61,-0.07,0.02052,Rotazione trimestrale,False,Azioni (Low-Beta),2012-2024 (Point-In-Time),382
STZ,2017-06-30,2017-12-29,166.13,197.01,18.59,0.02052,Rotazione trimestrale,False,Azioni (Low-Beta),2012-2024 (Point-In-Time),383
PHM,2017-06-30,2017-12-29,22.22,30.3,36.37,0.02052,Rotazione trimestrale,False,Azioni (Low-Beta),2012-2024 (Point-In-Time),384
PEG,2017-06-30,2017-12-29,31.71,38.65,21.87,0.02052,Rotazione trimestrale,False,Azioni (Low-Beta),2012-2024 (Point-In-Time),385
IEF,2017-06-02,2017-10-06,817.79,812.2,-0.68,0.6511,Disattivazione regime macro,False,Obbligazioni,2012-2024 (Point-In-Time),386
VLO,2017-06-30,2017-09-29,47.41,54.62,15.21,0.02536,Rotazione trimestrale,False,Azioni (Low-Beta),2012-2024 (Point-In-Time),387
VTR,2017-06-30,2017-09-29,47.8,45.31,-5.2,0.02536,Rotazione trimestrale,False,Azioni (Low-Beta),2012-2024 (Point-In-Time),388
AAL,2017-06-30,2017-09-29,48.84,46.19,-5.43,0.02536,Rotazione trimestrale,False,Azioni (Low-Beta),2012-2024 (Point-In-Time),389
LEN,2017-06-30,2017-09-29,45.69,45.28,-0.9,0.02536,Rotazione trimestrale,False,Azioni (Low-Beta),2012-2024 (Point-In-Time),390
DPS,2017-06-30,2017-09-29,11.85,11.58,-2.28,0.02536,Rotazione trimestrale,False,Azioni (Low-Beta),2012-2024 (Point-In-Time),391
TWX,2017-06-30,2017-09-29,98.77,101.18,2.44,0.02536,Rotazione trimestrale,False,Azioni (Low-Beta),2012-2024 (Point-In-Time),392
PVH,2017-06-30,2017-09-29,112.95,124.39,10.13,0.02536,Rotazione trimestrale,False,Azioni (Low-Beta),2012-2024 (Point-In-Time),393
CCI,2017-06-30,2017-09-29,68.61,69.1,0.71,0.02536,Rotazione trimestrale,False,Azioni (Low-Beta),2012-2024 (Point-In-Time),394
ZBH,2017-06-30,2017-09-29,115.74,105.77,-8.62,0.02536,Rotazione trimestrale,False,Azioni (Low-Beta),2012-2024 (Point-In-Time),395
NVDA,2017-06-30,2017-09-29,3.56,4.41,23.77,0.02536,Rotazione trimestrale,False,Azioni (Low-Beta),2012-2024 (Point-In-Time),396
BTC,2015-11-06,2017-09-29,964.1336,4163.0698,331.79,0.0101,Ribilanciamento mensile (trim parziale),True,Cryptovalute,2012-2024 (Point-In-Time),397
AMT,2017-03-31,2017-06-30,95.19,104.68,9.96,0.0589,Rotazione trimestrale,False,Azioni (Low-Beta),2012-2024 (Point-In-Time),398
PM,2017-03-31,2017-06-30,71.1,74.6,4.92,0.0589,Rotazione trimestrale,False,Azioni (Low-Beta),2012-2024 (Point-In-Time),399
CNC,2017-03-31,2017-06-30,35.63,39.94,12.1,0.0589,Rotazione trimestrale,False,Azioni (Low-Beta),2012-2024 (Point-In-Time),400
FMC,2017-03-31,2017-06-30,48.27,50.79,5.21,0.0589,Rotazione trimestrale,False,Azioni (Low-Beta),2012-2024 (Point-In-Time),401
CVX,2017-03-31,2017-06-30,71.81,70.48,-1.84,0.0589,Rotazione trimestrale,False,Azioni (Low-Beta),2012-2024 (Point-In-Time),402
EXPE,2017-03-31,2017-06-30,120.52,142.56,18.29,0.0589,Rotazione trimestrale,False,Azioni (Low-Beta),2012-2024 (Point-In-Time),403
IFF,2017-03-31,2017-06-30,105.25,107.72,2.35,0.0589,Rotazione trimestrale,False,Azioni (Low-Beta),2012-2024 (Point-In-Time),404
EFX,2017-03-31,2017-06-30,125.03,126.01,0.78,0.0589,Rotazione trimestrale,False,Azioni (Low-Beta),2012-2024 (Point-In-Time),405
NEE,2017-03-31,2017-06-30,25.24,27.74,9.93,0.0589,Rotazione trimestrale,False,Azioni (Low-Beta),2012-2024 (Point-In-Time),406
ESS,2016-12-30,2017-06-30,169.09,189.8,12.25,0.0589,Rotazione trimestrale,False,Azioni (Low-Beta),2012-2024 (Point-In-Time),407
SYK,2016-12-30,2017-06-30,108.0,125.89,16.56,0.0589,Rotazione trimestrale,False,Azioni (Low-Beta),2012-2024 (Point-In-Time),408
AIV,2016-12-30,2017-06-30,1.38,1.32,-3.89,0.0589,Rotazione trimestrale,False,Azioni (Low-Beta),2012-2024 (Point-In-Time),409
D,2016-12-02,2017-06-30,48.28,51.11,5.87,0.0589,Rotazione trimestrale,False,Azioni (Low-Beta),2012-2024 (Point-In-Time),410
ADM,2016-12-02,2017-06-30,33.0,31.5,-4.55,0.0589,Rotazione trimestrale,False,Azioni (Low-Beta),2012-2024 (Point-In-Time),411
NFLX,2016-12-02,2017-06-30,12.08,14.94,23.67,0.0589,Rotazione trimestrale,False,Azioni (Low-Beta),2012-2024 (Point-In-Time),412
BTC,2015-11-06,2017-06-30,964.1336,2480.8401,157.31,0.066,Ribilanciamento mensile (trim parziale),True,Cryptovalute,2012-2024 (Point-In-Time),413
BTC,2015-11-06,2017-04-28,710.8767,1316.48,85.19,0.0192,Ribilanciamento mensile (trim parziale),True,Cryptovalute,2012-2024 (Point-In-Time),414
HOT,2016-12-30,2017-03-31,77.05,77.05,0.0,0.058013,Rotazione trimestrale,False,Azioni (Low-Beta),2012-2024 (Point-In-Time),415
EQIX,2016-12-30,2017-03-31,296.22,333.61,12.62,0.058013,Rotazione trimestrale,False,Azioni (Low-Beta),2012-2024 (Point-In-Time),416
HSY,2016-12-30,2017-03-31,81.71,86.8,6.23,0.058013,Rotazione trimestrale,False,Azioni (Low-Beta),2012-2024 (Point-In-Time),417
FTI,2016-12-30,2017-03-31,24.21,22.14,-8.53,0.058013,Rotazione trimestrale,False,Azioni (Low-Beta),2012-2024 (Point-In-Time),418
AKAM,2016-12-30,2017-03-31,66.68,59.7,-10.47,0.058013,Rotazione trimestrale,False,Azioni (Low-Beta),2012-2024 (Point-In-Time),419
EOG,2016-12-02,2017-03-31,75.25,70.87,-5.82,0.058013,Rotazione trimestrale,False,Azioni (Low-Beta),2012-2024 (Point-In-Time),420
AEE,2016-12-02,2017-03-31,37.21,41.61,11.82,0.058013,Rotazione trimestrale,False,Azioni (Low-Beta),2012-2024 (Point-In-Time),421
HP,2016-12-02,2017-03-31,50.05,42.36,-15.36,0.058013,Rotazione trimestrale,False,Azioni (Low-Beta),2012-2024 (Point-In-Time),422
APA,2016-12-02,2017-03-31,50.69,40.16,-20.76,0.058013,Rotazione trimestrale,False,Azioni (Low-Beta),2012-2024 (Point-In-Time),423
BTC,2015-11-06,2017-03-31,710.8767,1071.79,50.77,0.0093,Ribilanciamento mensile (trim parziale),True,Cryptovalute,2012-2024 (Point-In-Time),424
BTC,2015-11-06,2017-02-24,710.8767,1173.6801,65.1,0.0109,Ribilanciamento mensile (trim parziale),True,Cryptovalute,2012-2024 (Point-In-Time),425
MO,2016-12-02,2016-12-30,32.68,34.84,6.63,0.058013,Rotazione trimestrale,False,Azioni (Low-Beta),2012-2024 (Point-In-Time),426
DD,2016-12-02,2016-12-30,80.42,83.68,4.06,0.058013,Rotazione trimestrale,False,Azioni (Low-Beta),2012-2024 (Point-In-Time),427
MU,2016-12-02,2016-12-30,18.32,21.38,16.66,0.058013,Rotazione trimestrale,False,Azioni (Low-Beta),2012-2024 (Point-In-Time),428
WDC,2016-12-02,2016-12-30,42.39,45.79,8.03,0.058013,Rotazione trimestrale,False,Azioni (Low-Beta),2012-2024 (Point-In-Time),429
SCG,2016-12-02,2016-12-30,64.77,67.46,4.15,0.058013,Rotazione trimestrale,False,Azioni (Low-Beta),2012-2024 (Point-In-Time),430
CAG,2016-12-02,2016-12-30,25.11,26.92,7.21,0.058013,Rotazione trimestrale,False,Azioni (Low-Beta),2012-2024 (Point-In-Time),431
ORLY,2016-12-02,2016-12-30,18.26,18.56,1.63,0.058013,Rotazione trimestrale,False,Azioni (Low-Beta),2012-2024 (Point-In-Time),432
MA,2016-12-02,2016-12-30,95.5,97.53,2.13,0.058013,Rotazione trimestrale,False,Azioni (Low-Beta),2012-2024 (Point-In-Time),433
BTC,2015-11-06,2016-12-30,699.7733,961.238,37.36,0.2568,Ribilanciamento mensile (trim parziale),True,Cryptovalute,2012-2024 (Point-In-Time),434
VZ,2016-09-30,2016-11-04,30.35,27.8,-8.39,0.023733,Disattivazione regime macro equity,False,Azioni (Low-Beta),2012-2024 (Point-In-Time),435
CMS,2016-09-30,2016-11-04,31.19,30.51,-2.2,0.023733,Disattivazione regime macro equity,False,Azioni (Low-Beta),2012-2024 (Point-In-Time),436
OXY,2016-09-30,2016-11-04,55.78,50.94,-8.68,0.023733,Disattivazione regime macro equity,False,Azioni (Low-Beta),2012-2024 (Point-In-Time),437
MO,2016-09-30,2016-11-04,32.29,32.88,1.82,0.023733,Disattivazione regime macro equity,False,Azioni (Low-Beta),2012-2024 (Point-In-Time),438
MU,2016-09-30,2016-11-04,17.34,16.27,-6.19,0.023733,Disattivazione regime macro equity,False,Azioni (Low-Beta),2012-2024 (Point-In-Time),439
WM,2016-09-30,2016-11-04,53.59,53.26,-0.61,0.023733,Disattivazione regime macro equity,False,Azioni (Low-Beta),2012-2024 (Point-In-Time),440
RRC,2016-09-30,2016-11-04,36.31,30.0,-17.37,0.023733,Disattivazione regime macro equity,False,Azioni (Low-Beta),2012-2024 (Point-In-Time),441
APA,2016-09-30,2016-11-04,49.52,43.7,-11.75,0.023733,Disattivazione regime macro equity,False,Azioni (Low-Beta),2012-2024 (Point-In-Time),442
HUM,2016-09-30,2016-11-04,162.53,154.08,-5.2,0.023733,Disattivazione regime macro equity,False,Azioni (Low-Beta),2012-2024 (Point-In-Time),443
MNST,2016-09-30,2016-11-04,12.23,11.27,-7.89,0.023733,Disattivazione regime macro equity,False,Azioni (Low-Beta),2012-2024 (Point-In-Time),444
BSX,2016-09-30,2016-11-04,23.8,21.56,-9.41,0.023733,Disattivazione regime macro equity,False,Azioni (Low-Beta),2012-2024 (Point-In-Time),445
XEL,2016-09-30,2016-11-04,30.51,29.93,-1.9,0.023733,Disattivazione regime macro equity,False,Azioni (Low-Beta),2012-2024 (Point-In-Time),446
CCL,2016-09-30,2016-11-04,42.82,42.14,-1.6,0.023733,Disattivazione regime macro equity,False,Azioni (Low-Beta),2012-2024 (Point-In-Time),447
NOV,2016-09-30,2016-11-04,32.58,28.27,-13.23,0.023733,Disattivazione regime macro equity,False,Azioni (Low-Beta),2012-2024 (Point-In-Time),448
NEM,2016-04-01,2016-11-04,20.77,29.54,42.19,0.023733,Disattivazione regime macro equity,False,Azioni (Low-Beta),2012-2024 (Point-In-Time),449
IEF,2016-02-05,2016-11-04,817.94,831.99,1.72,0.6315,Disattivazione regime macro,False,Obbligazioni,2012-2024 (Point-In-Time),450
T,2016-06-24,2016-09-30,15.38,15.27,-0.74,0.024547,Rotazione trimestrale,False,Azioni (Low-Beta),2012-2024 (Point-In-Time),451
XOM,2016-06-24,2016-09-30,57.54,56.66,-1.53,0.024547,Rotazione trimestrale,False,Azioni (Low-Beta),2012-2024 (Point-In-Time),452
LMT,2016-06-24,2016-09-30,182.86,184.12,0.69,0.024547,Rotazione trimestrale,False,Azioni (Low-Beta),2012-2024 (Point-In-Time),453
DPS,2016-06-24,2016-09-30,11.7,11.65,-0.38,0.024547,Rotazione trimestrale,False,Azioni (Low-Beta),2012-2024 (Point-In-Time),454
DUK,2016-04-01,2016-09-30,52.96,53.34,0.71,0.024547,Rotazione trimestrale,False,Azioni (Low-Beta),2012-2024 (Point-In-Time),455
CHRW,2016-04-01,2016-09-30,57.89,56.05,-3.18,0.024547,Rotazione trimestrale,False,Azioni (Low-Beta),2012-2024 (Point-In-Time),456
WMT,2016-04-01,2016-09-30,19.21,20.34,5.92,0.024547,Rotazione trimestrale,False,Azioni (Low-Beta),2012-2024 (Point-In-Time),457
ED,2016-04-01,2016-09-30,52.91,52.67,-0.46,0.024547,Rotazione trimestrale,False,Azioni (Low-Beta),2012-2024 (Point-In-Time),458
O,2016-04-01,2016-09-30,36.91,40.43,9.52,0.024547,Rotazione trimestrale,False,Azioni (Low-Beta),2012-2024 (Point-In-Time),459
SYY,2016-04-01,2016-09-30,36.15,37.87,4.76,0.024547,Rotazione trimestrale,False,Azioni (Low-Beta),2012-2024 (Point-In-Time),460
SCG,2016-04-01,2016-09-30,63.9,66.09,3.44,0.024547,Rotazione trimestrale,False,Azioni (Low-Beta),2012-2024 (Point-In-Time),461
CPB,2016-04-01,2016-09-30,45.43,38.5,-15.25,0.024547,Rotazione trimestrale,False,Azioni (Low-Beta),2012-2024 (Point-In-Time),462
TWX,2016-04-01,2016-09-30,70.16,77.34,10.23,0.024547,Rotazione trimestrale,False,Azioni (Low-Beta),2012-2024 (Point-In-Time),463
ISRG,2016-04-01,2016-09-30,67.39,80.54,19.51,0.024547,Rotazione trimestrale,False,Azioni (Low-Beta),2012-2024 (Point-In-Time),464
IEF,2016-02-05,2016-09-30,817.4,840.0,2.77,0.0107,Ribilanciamento mensile (trim parziale),False,Obbligazioni,2012-2024 (Point-In-Time),465
IEF,2016-02-05,2016-08-26,817.4,835.61,2.23,0.0092,Ribilanciamento mensile (trim parziale),False,Obbligazioni,2012-2024 (Point-In-Time),466
AET,2016-04-01,2016-06-24,110.37,114.47,3.71,0.019213,Rotazione trimestrale,False,Azioni (Low-Beta),2012-2024 (Point-In-Time),467
HAS,2016-04-01,2016-06-24,55.82,58.4,4.63,0.019213,Rotazione trimestrale,False,Azioni (Low-Beta),2012-2024 (Point-In-Time),468
EW,2016-04-01,2016-06-24,29.97,32.01,6.81,0.019213,Rotazione trimestrale,False,Azioni (Low-Beta),2012-2024 (Point-In-Time),469
ANTM,2016-04-01,2016-06-24,122.88,110.02,-10.47,0.019213,Rotazione trimestrale,False,Azioni (Low-Beta),2012-2024 (Point-In-Time),470
IEF,2016-02-05,2016-06-24,815.75,838.96,2.85,0.0497,Ribilanciamento mensile (trim parziale),False,Obbligazioni,2012-2024 (Point-In-Time),471
IEF,2016-02-05,2016-05-27,815.75,818.23,0.3,0.0336,Ribilanciamento mensile (trim parziale),False,Obbligazioni,2012-2024 (Point-In-Time),472
IEF,2016-02-05,2016-04-29,815.75,820.01,0.52,0.2683,Ribilanciamento mensile (trim parziale),False,Obbligazioni,2012-2024 (Point-In-Time),473
BTC,2015-11-06,2016-04-29,395.7273,455.097,15.0,0.0199,Ribilanciamento mensile (trim parziale),True,Cryptovalute,2012-2024 (Point-In-Time),474
IEF,2016-02-05,2016-03-25,815.75,812.74,-0.37,0.0057,Ribilanciamento mensile (trim parziale),False,Obbligazioni,2012-2024 (Point-In-Time),475
BTC,2015-11-06,2016-02-26,393.723,432.152,9.76,0.249,Ribilanciamento mensile (trim parziale),True,Cryptovalute,2012-2024 (Point-In-Time),476
DRI,2015-12-25,2016-01-01,47.32,46.65,-1.43,0.06008,Disattivazione regime macro equity,False,Azioni (Low-Beta),2012-2024 (Point-In-Time),477
NWL,2015-12-25,2016-01-01,27.74,28.04,1.08,0.06008,Disattivazione regime macro equity,False,Azioni (Low-Beta),2012-2024 (Point-In-Time),478
DPS,2015-12-25,2016-01-01,11.78,11.69,-0.77,0.06008,Disattivazione regime macro equity,False,Azioni (Low-Beta),2012-2024 (Point-In-Time),479
CI,2015-12-25,2016-01-01,131.59,131.48,-0.09,0.06008,Disattivazione regime macro equity,False,Azioni (Low-Beta),2012-2024 (Point-In-Time),480
LLY,2015-11-06,2016-01-01,67.02,70.63,5.39,0.06008,Disattivazione regime macro equity,False,Azioni (Low-Beta),2012-2024 (Point-In-Time),481
MSI,2015-11-06,2016-01-01,57.52,58.24,1.25,0.06008,Disattivazione regime macro equity,False,Azioni (Low-Beta),2012-2024 (Point-In-Time),482
CMS,2015-11-06,2016-01-01,24.86,26.2,5.37,0.06008,Disattivazione regime macro equity,False,Azioni (Low-Beta),2012-2024 (Point-In-Time),483
WEC,2015-11-06,2016-01-01,34.6,36.19,4.61,0.06008,Disattivazione regime macro equity,False,Azioni (Low-Beta),2012-2024 (Point-In-Time),484
TAP,2015-11-06,2016-01-01,65.87,70.96,7.73,0.06008,Disattivazione regime macro equity,False,Azioni (Low-Beta),2012-2024 (Point-In-Time),485
HRL,2015-11-06,2016-01-01,25.12,29.81,18.69,0.06008,Disattivazione regime macro equity,False,Azioni (Low-Beta),2012-2024 (Point-In-Time),486
DHI,2015-11-06,2016-01-01,26.0,28.4,9.21,0.06008,Disattivazione regime macro equity,False,Azioni (Low-Beta),2012-2024 (Point-In-Time),487
PSA,2015-11-06,2016-01-01,148.93,163.56,9.82,0.06008,Disattivazione regime macro equity,False,Azioni (Low-Beta),2012-2024 (Point-In-Time),488
CPB,2015-11-06,2016-01-01,33.8,36.42,7.75,0.06008,Disattivazione regime macro equity,False,Azioni (Low-Beta),2012-2024 (Point-In-Time),489
CCI,2015-11-06,2016-01-01,54.05,55.73,3.11,0.06008,Disattivazione regime macro equity,False,Azioni (Low-Beta),2012-2024 (Point-In-Time),490
WM,2015-11-06,2016-01-01,44.5,43.95,-1.24,0.06008,Disattivazione regime macro equity,False,Azioni (Low-Beta),2012-2024 (Point-In-Time),491
ICE,2015-11-06,2015-12-25,45.73,44.05,-3.67,0.021933,Rotazione trimestrale,False,Azioni (Low-Beta),2012-2024 (Point-In-Time),492
TJX,2015-11-06,2015-12-25,31.31,30.52,-2.52,0.021933,Rotazione trimestrale,False,Azioni (Low-Beta),2012-2024 (Point-In-Time),493
HRB,2015-11-06,2015-12-25,24.43,22.0,-9.94,0.021933,Rotazione trimestrale,False,Azioni (Low-Beta),2012-2024 (Point-In-Time),494
CHRW,2015-11-06,2015-12-25,53.3,49.63,-6.89,0.021933,Rotazione trimestrale,False,Azioni (Low-Beta),2012-2024 (Point-In-Time),495
IEF,2015-09-04,2015-12-04,789.06,783.8,-0.67,0.6326,Disattivazione regime macro,False,Obbligazioni,2012-2024 (Point-In-Time),496
IEF,2015-09-04,2015-11-27,789.06,786.95,-0.27,0.3674,Ribilanciamento mensile (trim parziale),False,Obbligazioni,2012-2024 (Point-In-Time),497
BTC,2015-08-07,2015-09-04,279.585,230.298,-17.63,0.0705,Disattivazione regime macro crypto,True,Cryptovalute,2012-2024 (Point-In-Time),498
CF,2015-06-26,2015-09-04,46.77,40.87,-12.6,0.066667,Disattivazione regime macro equity,False,Azioni (Low-Beta),2012-2024 (Point-In-Time),499
BMY,2015-06-26,2015-09-04,46.15,39.37,-14.69,0.066667,Disattivazione regime macro equity,False,Azioni (Low-Beta),2012-2024 (Point-In-Time),500
CELG,2015-06-26,2015-09-04,46.15,39.37,-14.69,0.066667,Disattivazione regime macro equity,False,Azioni (Low-Beta),2012-2024 (Point-In-Time),501
PKI,2015-06-26,2015-09-04,52.39,45.75,-12.67,0.066667,Disattivazione regime macro equity,False,Azioni (Low-Beta),2012-2024 (Point-In-Time),502
OXY,2015-06-26,2015-09-04,57.42,50.49,-12.07,0.066667,Disattivazione regime macro equity,False,Azioni (Low-Beta),2012-2024 (Point-In-Time),503
MNST,2015-06-26,2015-09-04,11.62,11.19,-3.71,0.066667,Disattivazione regime macro equity,False,Azioni (Low-Beta),2012-2024 (Point-In-Time),504
CTAS,2015-06-26,2015-09-04,18.94,18.57,-1.94,0.066667,Disattivazione regime macro equity,False,Azioni (Low-Beta),2012-2024 (Point-In-Time),505
NEM,2015-06-26,2015-09-04,18.53,12.21,-34.12,0.066667,Disattivazione regime macro equity,False,Azioni (Low-Beta),2012-2024 (Point-In-Time),506
DPS,2015-06-26,2015-09-04,9.28,9.4,1.2,0.066667,Disattivazione regime macro equity,False,Azioni (Low-Beta),2012-2024 (Point-In-Time),507
MHK,2015-06-26,2015-09-04,193.17,197.5,2.24,0.066667,Disattivazione regime macro equity,False,Azioni (Low-Beta),2012-2024 (Point-In-Time),508
MCD,2015-06-26,2015-09-04,73.57,72.36,-1.65,0.066667,Disattivazione regime macro equity,False,Azioni (Low-Beta),2012-2024 (Point-In-Time),509
DVA,2015-03-27,2015-09-04,81.83,74.55,-8.9,0.066667,Disattivazione regime macro equity,False,Azioni (Low-Beta),2012-2024 (Point-In-Time),510
CPB,2015-03-27,2015-09-04,31.19,33.02,5.87,0.066667,Disattivazione regime macro equity,False,Azioni (Low-Beta),2012-2024 (Point-In-Time),511
ESS,2015-03-06,2015-09-04,151.16,144.63,-4.32,0.066667,Disattivazione regime macro equity,False,Azioni (Low-Beta),2012-2024 (Point-In-Time),512
KR,2015-03-06,2015-09-04,29.63,27.3,-7.86,0.066667,Disattivazione regime macro equity,False,Azioni (Low-Beta),2012-2024 (Point-In-Time),513
COL,2015-03-27,2015-06-26,0.65,0.5,-23.08,0.01978,Rotazione trimestrale,False,Azioni (Low-Beta),2012-2024 (Point-In-Time),514
EIX,2015-03-27,2015-06-26,39.29,35.8,-8.89,0.01978,Rotazione trimestrale,False,Azioni (Low-Beta),2012-2024 (Point-In-Time),515
WEC,2015-03-06,2015-06-26,33.21,31.99,-3.67,0.01978,Rotazione trimestrale,False,Azioni (Low-Beta),2012-2024 (Point-In-Time),516
MAC,2015-03-06,2015-06-26,46.23,41.47,-10.3,0.01978,Rotazione trimestrale,False,Azioni (Low-Beta),2012-2024 (Point-In-Time),517
AMZN,2015-03-06,2015-06-26,19.0,21.91,15.26,0.01978,Rotazione trimestrale,False,Azioni (Low-Beta),2012-2024 (Point-In-Time),518
BDX,2015-03-06,2015-06-26,93.11,91.67,-1.54,0.01978,Rotazione trimestrale,False,Azioni (Low-Beta),2012-2024 (Point-In-Time),519
VTR,2015-03-06,2015-06-26,49.21,44.73,-9.11,0.01978,Rotazione trimestrale,False,Azioni (Low-Beta),2012-2024 (Point-In-Time),520
CLX,2015-03-06,2015-06-26,77.41,76.81,-0.77,0.01978,Rotazione trimestrale,False,Azioni (Low-Beta),2012-2024 (Point-In-Time),521
AIV,2015-03-06,2015-06-26,1.06,1.08,2.0,0.01978,Rotazione trimestrale,False,Azioni (Low-Beta),2012-2024 (Point-In-Time),522
CAG,2015-03-06,2015-06-26,17.41,22.51,29.3,0.01978,Rotazione trimestrale,False,Azioni (Low-Beta),2012-2024 (Point-In-Time),523
CMG,2015-03-06,2015-06-26,13.17,12.19,-7.47,0.01978,Rotazione trimestrale,False,Azioni (Low-Beta),2012-2024 (Point-In-Time),524
IEF,2014-02-07,2015-06-05,759.18,766.45,0.96,0.7087,Disattivazione regime macro,False,Obbligazioni,2012-2024 (Point-In-Time),525
BIIB,2015-03-06,2015-03-27,417.63,429.87,2.93,0.01978,Rotazione trimestrale,False,Azioni (Low-Beta),2012-2024 (Point-In-Time),526
VNO,2015-03-06,2015-03-27,55.26,58.57,5.99,0.01978,Rotazione trimestrale,False,Azioni (Low-Beta),2012-2024 (Point-In-Time),527
NEM,2015-03-06,2015-03-27,18.08,17.27,-4.49,0.01978,Rotazione trimestrale,False,Azioni (Low-Beta),2012-2024 (Point-In-Time),528
ED,2015-03-06,2015-03-27,39.6,39.48,-0.3,0.01978,Rotazione trimestrale,False,Azioni (Low-Beta),2012-2024 (Point-In-Time),529
IEF,2014-02-07,2015-03-27,759.0,790.1,4.1,0.2967,Ribilanciamento mensile (trim parziale),False,Obbligazioni,2012-2024 (Point-In-Time),530
VNO,2014-12-26,2015-02-06,56.2,59.47,5.81,0.021033,Disattivazione regime macro equity,False,Azioni (Low-Beta),2012-2024 (Point-In-Time),531
SLM,2014-12-26,2015-02-06,8.84,8.15,-7.8,0.021033,Disattivazione regime macro equity,False,Azioni (Low-Beta),2012-2024 (Point-In-Time),532
ESRX,2014-12-26,2015-02-06,85.74,81.84,-4.54,0.021033,Disattivazione regime macro equity,False,Azioni (Low-Beta),2012-2024 (Point-In-Time),533
BDX,2014-12-26,2015-02-06,89.19,91.73,2.86,0.021033,Disattivazione regime macro equity,False,Azioni (Low-Beta),2012-2024 (Point-In-Time),534
VTR,2014-12-26,2015-02-06,50.41,53.09,5.31,0.021033,Disattivazione regime macro equity,False,Azioni (Low-Beta),2012-2024 (Point-In-Time),535
SBUX,2014-12-26,2015-02-06,32.23,35.18,9.16,0.021033,Disattivazione regime macro equity,False,Azioni (Low-Beta),2012-2024 (Point-In-Time),536
BMS,2014-12-26,2015-02-06,40.86,41.04,0.43,0.021033,Disattivazione regime macro equity,False,Azioni (Low-Beta),2012-2024 (Point-In-Time),537
CAG,2014-12-26,2015-02-06,18.61,18.52,-0.46,0.021033,Disattivazione regime macro equity,False,Azioni (Low-Beta),2012-2024 (Point-In-Time),538
KO,2014-12-26,2015-02-06,29.96,28.91,-3.51,0.021033,Disattivazione regime macro equity,False,Azioni (Low-Beta),2012-2024 (Point-In-Time),539
CMG,2014-12-26,2015-02-06,13.56,13.2,-2.68,0.021033,Disattivazione regime macro equity,False,Azioni (Low-Beta),2012-2024 (Point-In-Time),540
AMT,2014-09-26,2015-02-06,70.08,72.07,2.83,0.021033,Disattivazione regime macro equity,False,Azioni (Low-Beta),2012-2024 (Point-In-Time),541
DUK,2014-09-26,2015-02-06,45.39,51.42,13.28,0.021033,Disattivazione regime macro equity,False,Azioni (Low-Beta),2012-2024 (Point-In-Time),542
CLX,2014-09-26,2015-02-06,67.15,76.16,13.42,0.021033,Disattivazione regime macro equity,False,Azioni (Low-Beta),2012-2024 (Point-In-Time),543
SO,2014-09-26,2015-02-06,26.28,29.46,12.13,0.021033,Disattivazione regime macro equity,False,Azioni (Low-Beta),2012-2024 (Point-In-Time),544
RSG,2014-09-26,2015-02-06,31.43,33.2,5.63,0.021033,Disattivazione regime macro equity,False,Azioni (Low-Beta),2012-2024 (Point-In-Time),545
IBM,2014-09-26,2014-12-26,112.01,96.33,-14.0,0.022467,Rotazione trimestrale,False,Azioni (Low-Beta),2012-2024 (Point-In-Time),546
CELG,2014-09-26,2014-12-26,34.26,40.23,17.42,0.022467,Rotazione trimestrale,False,Azioni (Low-Beta),2012-2024 (Point-In-Time),547
PG,2014-09-26,2014-12-26,60.39,67.24,11.35,0.022467,Rotazione trimestrale,False,Azioni (Low-Beta),2012-2024 (Point-In-Time),548
DRI,2014-09-26,2014-12-26,32.52,37.0,13.77,0.022467,Rotazione trimestrale,False,Azioni (Low-Beta),2012-2024 (Point-In-Time),549
ABC,2014-09-26,2014-12-26,56.27,66.73,18.59,0.022467,Rotazione trimestrale,False,Azioni (Low-Beta),2012-2024 (Point-In-Time),550
NKE,2014-09-26,2014-12-26,37.86,41.08,8.5,0.022467,Rotazione trimestrale,False,Azioni (Low-Beta),2012-2024 (Point-In-Time),551
REGN,2014-09-26,2014-12-26,354.83,409.61,15.44,0.022467,Rotazione trimestrale,False,Azioni (Low-Beta),2012-2024 (Point-In-Time),552
BMY,2014-09-26,2014-12-26,34.26,40.23,17.42,0.022467,Rotazione trimestrale,False,Azioni (Low-Beta),2012-2024 (Point-In-Time),553
CHRW,2014-06-27,2014-12-26,48.15,58.53,21.56,0.022467,Rotazione trimestrale,False,Azioni (Low-Beta),2012-2024 (Point-In-Time),554
T,2014-06-27,2014-12-26,11.37,11.35,-0.12,0.022467,Rotazione trimestrale,False,Azioni (Low-Beta),2012-2024 (Point-In-Time),555
IEF,2014-02-07,2014-10-31,745.55,761.23,2.1,0.0055,Ribilanciamento mensile (trim parziale),False,Obbligazioni,2012-2024 (Point-In-Time),556
VZ,2014-06-27,2014-09-26,26.0,26.52,2.0,0.033333,Rotazione trimestrale,False,Azioni (Low-Beta),2012-2024 (Point-In-Time),557
KMB,2014-06-27,2014-09-26,69.79,68.11,-2.4,0.033333,Rotazione trimestrale,False,Azioni (Low-Beta),2012-2024 (Point-In-Time),558
ADM,2014-06-27,2014-09-26,30.79,35.92,16.65,0.033333,Rotazione trimestrale,False,Azioni (Low-Beta),2012-2024 (Point-In-Time),559
VTR,2014-06-27,2014-09-26,43.7,42.95,-1.72,0.033333,Rotazione trimestrale,False,Azioni (Low-Beta),2012-2024 (Point-In-Time),560
NEM,2014-06-27,2014-09-26,19.5,18.45,-5.38,0.033333,Rotazione trimestrale,False,Azioni (Low-Beta),2012-2024 (Point-In-Time),561
VRTX,2014-06-27,2014-09-26,93.77,113.6,21.15,0.033333,Rotazione trimestrale,False,Azioni (Low-Beta),2012-2024 (Point-In-Time),562
MSFT,2014-06-27,2014-09-26,35.34,39.06,10.53,0.033333,Rotazione trimestrale,False,Azioni (Low-Beta),2012-2024 (Point-In-Time),563
BXP,2014-06-27,2014-09-26,71.83,70.24,-2.21,0.033333,Rotazione trimestrale,False,Azioni (Low-Beta),2012-2024 (Point-In-Time),564
MRK,2014-03-28,2014-09-26,36.58,39.38,7.67,0.033333,Rotazione trimestrale,False,Azioni (Low-Beta),2012-2024 (Point-In-Time),565
RRC,2014-03-28,2014-09-26,79.25,63.01,-20.49,0.033333,Rotazione trimestrale,False,Azioni (Low-Beta),2012-2024 (Point-In-Time),566
PEG,2014-03-28,2014-09-26,24.32,24.95,2.59,0.033333,Rotazione trimestrale,False,Azioni (Low-Beta),2012-2024 (Point-In-Time),567
EXC,2014-03-28,2014-09-26,15.21,15.69,3.12,0.033333,Rotazione trimestrale,False,Azioni (Low-Beta),2012-2024 (Point-In-Time),568
MCD,2014-03-28,2014-09-26,70.46,69.77,-0.98,0.033333,Rotazione trimestrale,False,Azioni (Low-Beta),2012-2024 (Point-In-Time),569
GLD,2014-07-04,2014-09-05,293.63,284.19,-3.21,0.2453,Disattivazione regime macro,False,Oro,2012-2024 (Point-In-Time),570
BTC,2014-07-04,2014-09-05,601.2337,488.87,-18.69,0.2453,Disattivazione regime macro crypto,True,Cryptovalute,2012-2024 (Point-In-Time),571
IEF,2014-02-07,2014-07-25,733.82,749.02,2.07,0.3327,Ribilanciamento mensile (trim parziale),False,Obbligazioni,2012-2024 (Point-In-Time),572
DAL,2014-03-28,2014-06-27,28.95,34.01,17.48,0.02222,Rotazione trimestrale,False,Azioni (Low-Beta),2012-2024 (Point-In-Time),573
EQT,2014-03-28,2014-06-27,48.77,52.99,8.65,0.02222,Rotazione trimestrale,False,Azioni (Low-Beta),2012-2024 (Point-In-Time),574
DD,2014-03-28,2014-06-27,64.19,69.21,7.83,0.02222,Rotazione trimestrale,False,Azioni (Low-Beta),2012-2024 (Point-In-Time),575
PRGO,2014-03-28,2014-06-27,114.67,109.37,-4.62,0.02222,Rotazione trimestrale,False,Azioni (Low-Beta),2012-2024 (Point-In-Time),576
OKE,2014-03-28,2014-06-27,27.67,32.23,16.48,0.02222,Rotazione trimestrale,False,Azioni (Low-Beta),2012-2024 (Point-In-Time),577
NFLX,2014-03-28,2014-06-27,5.13,6.32,23.19,0.02222,Rotazione trimestrale,False,Azioni (Low-Beta),2012-2024 (Point-In-Time),578
LUV,2014-03-28,2014-06-27,20.07,23.57,17.45,0.02222,Rotazione trimestrale,False,Azioni (Low-Beta),2012-2024 (Point-In-Time),579
SYY,2014-03-28,2014-06-27,25.79,27.35,6.05,0.02222,Rotazione trimestrale,False,Azioni (Low-Beta),2012-2024 (Point-In-Time),580
TSN,2014-03-28,2014-06-27,32.47,28.23,-13.08,0.02222,Rotazione trimestrale,False,Azioni (Low-Beta),2012-2024 (Point-In-Time),581
MU,2013-12-27,2014-06-27,20.98,30.73,46.42,0.02222,Rotazione trimestrale,False,Azioni (Low-Beta),2012-2024 (Point-In-Time),582
GLD,2014-03-07,2014-06-06,300.56,280.82,-6.57,0.3333,Disattivazione regime macro,False,Oro,2012-2024 (Point-In-Time),583
TRIP,2013-12-27,2014-03-28,72.6,80.08,10.3,0.007907,Rotazione trimestrale,False,Azioni (Low-Beta),2012-2024 (Point-In-Time),584
WYNN,2013-12-27,2014-03-28,157.7,180.36,14.37,0.007907,Rotazione trimestrale,False,Azioni (Low-Beta),2012-2024 (Point-In-Time),585
CI,2013-12-27,2014-03-28,77.68,71.33,-8.18,0.007907,Rotazione trimestrale,False,Azioni (Low-Beta),2012-2024 (Point-In-Time),586
UNH,2013-12-27,2014-03-28,60.78,66.65,9.67,0.007907,Rotazione trimestrale,False,Azioni (Low-Beta),2012-2024 (Point-In-Time),587
NBR,2013-12-27,2014-03-28,726.66,1071.15,47.41,0.007907,Rotazione trimestrale,False,Azioni (Low-Beta),2012-2024 (Point-In-Time),588
XYL,2013-12-27,2014-03-28,29.33,30.67,4.55,0.007907,Rotazione trimestrale,False,Azioni (Low-Beta),2012-2024 (Point-In-Time),589
KSS,2013-12-27,2014-03-28,30.6,31.4,2.62,0.007907,Rotazione trimestrale,False,Azioni (Low-Beta),2012-2024 (Point-In-Time),590
DE,2013-12-27,2014-03-28,72.27,71.12,-1.58,0.007907,Rotazione trimestrale,False,Azioni (Low-Beta),2012-2024 (Point-In-Time),591
HOG,2013-12-27,2014-03-28,50.92,49.0,-3.76,0.007907,Rotazione trimestrale,False,Azioni (Low-Beta),2012-2024 (Point-In-Time),592
APA,2013-12-27,2014-03-28,64.21,61.64,-4.0,0.007907,Rotazione trimestrale,False,Azioni (Low-Beta),2012-2024 (Point-In-Time),593
MTB,2013-10-04,2014-03-28,79.02,85.38,8.05,0.007907,Rotazione trimestrale,False,Azioni (Low-Beta),2012-2024 (Point-In-Time),594
ESRX,2013-10-04,2014-03-28,62.53,75.52,20.77,0.007907,Rotazione trimestrale,False,Azioni (Low-Beta),2012-2024 (Point-In-Time),595
AAPL,2013-10-04,2014-03-28,14.85,16.71,12.46,0.007907,Rotazione trimestrale,False,Azioni (Low-Beta),2012-2024 (Point-In-Time),596
CME,2013-10-04,2014-03-28,43.97,45.21,2.83,0.007907,Rotazione trimestrale,False,Azioni (Low-Beta),2012-2024 (Point-In-Time),597
BTC,2013-09-06,2014-03-07,147.0732,669.0,354.88,0.1061,Disattivazione regime macro crypto,True,Cryptovalute,2012-2024 (Point-In-Time),598
BTC,2013-09-06,2014-01-31,147.0732,800.0,443.95,0.0125,Ribilanciamento mensile (trim parziale),True,Cryptovalute,2012-2024 (Point-In-Time),599
MRK,2013-10-04,2013-12-27,30.99,32.28,4.17,0.029247,Rotazione trimestrale,False,Azioni (Low-Beta),2012-2024 (Point-In-Time),600
ABC,2013-10-04,2013-12-27,44.79,50.52,12.78,0.029247,Rotazione trimestrale,False,Azioni (Low-Beta),2012-2024 (Point-In-Time),601
PRGO,2013-10-04,2013-12-27,96.49,113.81,17.95,0.029247,Rotazione trimestrale,False,Azioni (Low-Beta),2012-2024 (Point-In-Time),602
RRC,2013-10-04,2013-12-27,71.12,77.66,9.2,0.029247,Rotazione trimestrale,False,Azioni (Low-Beta),2012-2024 (Point-In-Time),603
ROP,2013-10-04,2013-12-27,120.02,128.04,6.69,0.029247,Rotazione trimestrale,False,Azioni (Low-Beta),2012-2024 (Point-In-Time),604
HSY,2013-10-04,2013-12-27,67.28,70.95,5.45,0.029247,Rotazione trimestrale,False,Azioni (Low-Beta),2012-2024 (Point-In-Time),605
SJM,2013-10-04,2013-12-27,72.05,70.56,-2.07,0.029247,Rotazione trimestrale,False,Azioni (Low-Beta),2012-2024 (Point-In-Time),606
CMG,2013-10-04,2013-12-27,8.68,10.61,22.26,0.029247,Rotazione trimestrale,False,Azioni (Low-Beta),2012-2024 (Point-In-Time),607
PPL,2013-10-04,2013-12-27,15.99,16.04,0.29,0.029247,Rotazione trimestrale,False,Azioni (Low-Beta),2012-2024 (Point-In-Time),608
LH,2013-10-04,2013-12-27,81.85,74.11,-9.46,0.029247,Rotazione trimestrale,False,Azioni (Low-Beta),2012-2024 (Point-In-Time),609
BRCM,2013-10-04,2013-12-27,3.21,3.91,21.9,0.029247,Rotazione trimestrale,False,Azioni (Low-Beta),2012-2024 (Point-In-Time),610
BTC,2013-09-06,2013-12-27,147.0732,747.0,407.91,0.1205,Ribilanciamento mensile (trim parziale),True,Cryptovalute,2012-2024 (Point-In-Time),611
BTC,2013-09-06,2013-11-29,147.0732,1014.1,589.52,0.1996,Ribilanciamento mensile (trim parziale),True,Cryptovalute,2012-2024 (Point-In-Time),612
AET,2013-06-28,2013-09-06,59.85,61.52,2.8,0.008147,Disattivazione regime macro equity,False,Azioni (Low-Beta),2012-2024 (Point-In-Time),613
BBT,2013-06-28,2013-09-06,18.81,17.06,-9.32,0.008147,Disattivazione regime macro equity,False,Azioni (Low-Beta),2012-2024 (Point-In-Time),614
WFC,2013-06-28,2013-09-06,28.6,28.91,1.08,0.008147,Disattivazione regime macro equity,False,Azioni (Low-Beta),2012-2024 (Point-In-Time),615
KMB,2013-06-28,2013-09-06,58.97,57.0,-3.36,0.008147,Disattivazione regime macro equity,False,Azioni (Low-Beta),2012-2024 (Point-In-Time),616
UNH,2013-06-28,2013-09-06,52.88,59.81,13.1,0.008147,Disattivazione regime macro equity,False,Azioni (Low-Beta),2012-2024 (Point-In-Time),617
PRGO,2013-06-28,2013-09-06,90.4,92.67,2.51,0.008147,Disattivazione regime macro equity,False,Azioni (Low-Beta),2012-2024 (Point-In-Time),618
PCG,2013-06-28,2013-09-06,38.67,34.57,-10.61,0.008147,Disattivazione regime macro equity,False,Azioni (Low-Beta),2012-2024 (Point-In-Time),619
DLTR,2013-06-28,2013-09-06,50.84,53.45,5.13,0.008147,Disattivazione regime macro equity,False,Azioni (Low-Beta),2012-2024 (Point-In-Time),620
KSS,2013-06-28,2013-09-06,27.27,28.28,3.72,0.008147,Disattivazione regime macro equity,False,Azioni (Low-Beta),2012-2024 (Point-In-Time),621
MSI,2013-06-28,2013-09-06,46.61,45.6,-2.18,0.008147,Disattivazione regime macro equity,False,Azioni (Low-Beta),2012-2024 (Point-In-Time),622
ADBE,2013-06-28,2013-09-06,45.56,46.87,2.88,0.008147,Disattivazione regime macro equity,False,Azioni (Low-Beta),2012-2024 (Point-In-Time),623
CMG,2013-03-29,2013-09-06,6.52,8.17,25.36,0.008147,Disattivazione regime macro equity,False,Azioni (Low-Beta),2012-2024 (Point-In-Time),624
DVA,2013-02-01,2013-09-06,58.36,55.29,-5.25,0.008147,Disattivazione regime macro equity,False,Azioni (Low-Beta),2012-2024 (Point-In-Time),625
ABC,2013-02-01,2013-09-06,32.97,41.76,26.67,0.008147,Disattivazione regime macro equity,False,Azioni (Low-Beta),2012-2024 (Point-In-Time),626
SRE,2013-02-01,2013-09-06,25.08,28.12,12.15,0.008147,Disattivazione regime macro equity,False,Azioni (Low-Beta),2012-2024 (Point-In-Time),627
BTC,2012-07-06,2013-08-02,44.7239,104.62,133.92,0.1943,Disattivazione regime macro crypto,True,Cryptovalute,2012-2024 (Point-In-Time),628
AON,2013-03-29,2013-06-28,54.05,56.73,4.95,0.02064,Rotazione trimestrale,False,Azioni (Low-Beta),2012-2024 (Point-In-Time),629
COL,2013-03-29,2013-06-28,0.8,0.45,-43.75,0.02064,Rotazione trimestrale,False,Azioni (Low-Beta),2012-2024 (Point-In-Time),630
FSLR,2013-03-29,2013-06-28,26.96,44.81,66.21,0.02064,Rotazione trimestrale,False,Azioni (Low-Beta),2012-2024 (Point-In-Time),631
YUM,2013-03-29,2013-06-28,40.14,38.89,-3.13,0.02064,Rotazione trimestrale,False,Azioni (Low-Beta),2012-2024 (Point-In-Time),632
AMT,2013-02-01,2013-06-28,56.01,53.84,-3.87,0.02064,Rotazione trimestrale,False,Azioni (Low-Beta),2012-2024 (Point-In-Time),633
FIS,2013-02-01,2013-06-28,29.48,33.9,14.98,0.02064,Rotazione trimestrale,False,Azioni (Low-Beta),2012-2024 (Point-In-Time),634
CPB,2013-02-01,2013-06-28,23.8,28.97,21.75,0.02064,Rotazione trimestrale,False,Azioni (Low-Beta),2012-2024 (Point-In-Time),635
CLX,2013-02-01,2013-06-28,53.01,56.08,5.78,0.02064,Rotazione trimestrale,False,Azioni (Low-Beta),2012-2024 (Point-In-Time),636
VTR,2013-02-01,2013-06-28,42.79,45.17,5.56,0.02064,Rotazione trimestrale,False,Azioni (Low-Beta),2012-2024 (Point-In-Time),637
GILD,2013-02-01,2013-06-28,27.84,35.19,26.41,0.02064,Rotazione trimestrale,False,Azioni (Low-Beta),2012-2024 (Point-In-Time),638
PPL,2013-02-01,2013-06-28,15.54,15.86,2.09,0.02064,Rotazione trimestrale,False,Azioni (Low-Beta),2012-2024 (Point-In-Time),639
BTC,2012-07-06,2013-06-28,13.8802,101.77,633.2,0.0181,Ribilanciamento mensile (trim parziale),True,Cryptovalute,2012-2024 (Point-In-Time),640
IEF,2013-05-03,2013-06-07,762.05,740.21,-2.87,0.1403,Disattivazione regime macro,False,Obbligazioni,2012-2024 (Point-In-Time),641
BTC,2012-07-06,2013-05-31,13.8802,128.88,828.52,0.0806,Ribilanciamento mensile (trim parziale),True,Cryptovalute,2012-2024 (Point-In-Time),642
BTC,2012-07-06,2013-04-26,13.8802,141.99,922.97,0.0887,Ribilanciamento mensile (trim parziale),True,Cryptovalute,2012-2024 (Point-In-Time),643
HSY,2013-02-01,2013-03-29,57.87,63.54,9.79,0.022393,Rotazione trimestrale,False,Azioni (Low-Beta),2012-2024 (Point-In-Time),644
FISV,2013-02-01,2013-03-29,20.34,21.97,8.0,0.022393,Rotazione trimestrale,False,Azioni (Low-Beta),2012-2024 (Point-In-Time),645
CAG,2013-02-01,2013-03-29,15.83,17.14,8.29,0.022393,Rotazione trimestrale,False,Azioni (Low-Beta),2012-2024 (Point-In-Time),646
ORLY,2013-02-01,2013-03-29,6.23,6.83,9.69,0.022393,Rotazione trimestrale,False,Azioni (Low-Beta),2012-2024 (Point-In-Time),647
AZO,2013-02-01,2013-03-29,374.88,396.77,5.84,0.022393,Rotazione trimestrale,False,Azioni (Low-Beta),2012-2024 (Point-In-Time),648
BTC,2012-07-06,2013-03-29,13.8802,87.5,530.39,0.0263,Ribilanciamento mensile (trim parziale),True,Cryptovalute,2012-2024 (Point-In-Time),649
BTC,2012-07-06,2013-02-22,13.8802,29.75,114.33,0.1641,Ribilanciamento mensile (trim parziale),True,Cryptovalute,2012-2024 (Point-In-Time),650
IEF,2012-12-07,2013-02-01,753.22,741.48,-1.56,0.5,Disattivazione regime macro,False,Obbligazioni,2012-2024 (Point-In-Time),651
TRIP,2012-12-28,2013-01-04,36.76,39.23,6.72,0.016667,Disattivazione regime macro equity,False,Azioni (Low-Beta),2012-2024 (Point-In-Time),652
HRL,2012-12-28,2013-01-04,10.99,12.29,11.83,0.016667,Disattivazione regime macro equity,False,Azioni (Low-Beta),2012-2024 (Point-In-Time),653
AMT,2012-12-28,2013-01-04,55.45,56.3,1.53,0.016667,Disattivazione regime macro equity,False,Azioni (Low-Beta),2012-2024 (Point-In-Time),654
FIS,2012-12-28,2013-01-04,26.82,28.17,5.02,0.016667,Disattivazione regime macro equity,False,Azioni (Low-Beta),2012-2024 (Point-In-Time),655
CLX,2012-12-28,2013-01-04,48.25,49.61,2.82,0.016667,Disattivazione regime macro equity,False,Azioni (Low-Beta),2012-2024 (Point-In-Time),656
VTR,2012-12-28,2013-01-04,40.81,41.47,1.63,0.016667,Disattivazione regime macro equity,False,Azioni (Low-Beta),2012-2024 (Point-In-Time),657
PPL,2012-12-28,2013-01-04,14.42,14.95,3.66,0.016667,Disattivazione regime macro equity,False,Azioni (Low-Beta),2012-2024 (Point-In-Time),658
NFLX,2012-12-28,2013-01-04,1.28,1.37,7.44,0.016667,Disattivazione regime macro equity,False,Azioni (Low-Beta),2012-2024 (Point-In-Time),659
DVA,2012-12-28,2013-01-04,54.88,54.92,0.07,0.016667,Disattivazione regime macro equity,False,Azioni (Low-Beta),2012-2024 (Point-In-Time),660
MCK,2012-12-28,2013-01-04,86.94,90.61,4.22,0.016667,Disattivazione regime macro equity,False,Azioni (Low-Beta),2012-2024 (Point-In-Time),661
ECL,2012-12-28,2013-01-04,61.07,64.15,5.04,0.016667,Disattivazione regime macro equity,False,Azioni (Low-Beta),2012-2024 (Point-In-Time),662
SRE,2012-12-28,2013-01-04,23.24,23.84,2.58,0.016667,Disattivazione regime macro equity,False,Azioni (Low-Beta),2012-2024 (Point-In-Time),663
ABC,2012-09-28,2013-01-04,27.28,30.96,13.46,0.016667,Disattivazione regime macro equity,False,Azioni (Low-Beta),2012-2024 (Point-In-Time),664
CAG,2012-09-28,2013-01-04,12.99,14.37,10.58,0.016667,Disattivazione regime macro equity,False,Azioni (Low-Beta),2012-2024 (Point-In-Time),665
CPB,2012-09-28,2013-01-04,21.98,23.08,4.99,0.016667,Disattivazione regime macro equity,False,Azioni (Low-Beta),2012-2024 (Point-In-Time),666
GLD,2012-09-07,2013-01-04,387.94,373.55,-3.71,0.25,Disattivazione regime macro,False,Oro,2012-2024 (Point-In-Time),667
PFE,2012-09-28,2012-12-28,13.06,13.2,1.06,0.011773,Rotazione trimestrale,False,Azioni (Low-Beta),2012-2024 (Point-In-Time),668
AZO,2012-09-28,2012-12-28,369.67,348.57,-5.71,0.011773,Rotazione trimestrale,False,Azioni (Low-Beta),2012-2024 (Point-In-Time),669
VZ,2012-07-06,2012-12-28,21.7,21.19,-2.36,0.011773,Rotazione trimestrale,False,Azioni (Low-Beta),2012-2024 (Point-In-Time),670
BMY,2012-07-06,2012-12-28,21.73,20.23,-6.9,0.011773,Rotazione trimestrale,False,Azioni (Low-Beta),2012-2024 (Point-In-Time),671
ROST,2012-07-06,2012-12-28,29.2,23.26,-20.37,0.011773,Rotazione trimestrale,False,Azioni (Low-Beta),2012-2024 (Point-In-Time),672
T,2012-07-06,2012-12-28,10.12,9.66,-4.53,0.011773,Rotazione trimestrale,False,Azioni (Low-Beta),2012-2024 (Point-In-Time),673
PEP,2012-07-06,2012-12-28,45.61,44.86,-1.65,0.011773,Rotazione trimestrale,False,Azioni (Low-Beta),2012-2024 (Point-In-Time),674
CELG,2012-07-06,2012-12-28,21.73,20.23,-6.9,0.011773,Rotazione trimestrale,False,Azioni (Low-Beta),2012-2024 (Point-In-Time),675
SO,2012-07-06,2012-12-28,25.42,23.6,-7.13,0.011773,Rotazione trimestrale,False,Azioni (Low-Beta),2012-2024 (Point-In-Time),676
WMT,2012-07-06,2012-12-28,18.05,17.29,-4.21,0.011773,Rotazione trimestrale,False,Azioni (Low-Beta),2012-2024 (Point-In-Time),677
PEG,2012-07-06,2012-12-28,19.38,18.45,-4.8,0.011773,Rotazione trimestrale,False,Azioni (Low-Beta),2012-2024 (Point-In-Time),678
HRB,2012-07-06,2012-12-28,9.64,11.14,15.64,0.011773,Rotazione trimestrale,False,Azioni (Low-Beta),2012-2024 (Point-In-Time),679
IEF,2012-05-04,2012-11-02,734.58,752.66,2.46,0.1766,Disattivazione regime macro,False,Obbligazioni,2012-2024 (Point-In-Time),680
BTC,2012-07-06,2012-09-28,6.76,12.46,84.32,0.0954,Ribilanciamento mensile (trim parziale),True,Cryptovalute,2012-2024 (Point-In-Time),681
WM,2012-07-06,2012-09-28,24.1,23.67,-1.78,0.02222,Rotazione trimestrale,False,Azioni (Low-Beta),2012-2024 (Point-In-Time),682
DPS,2012-07-06,2012-09-28,4.92,5.09,3.6,0.02222,Rotazione trimestrale,False,Azioni (Low-Beta),2012-2024 (Point-In-Time),683
MCK,2012-07-06,2012-09-28,84.41,77.83,-7.8,0.02222,Rotazione trimestrale,False,Azioni (Low-Beta),2012-2024 (Point-In-Time),684
LUV,2012-07-06,2012-09-28,7.93,7.51,-5.29,0.02222,Rotazione trimestrale,False,Azioni (Low-Beta),2012-2024 (Point-In-Time),685
CMG,2012-07-06,2012-09-28,7.67,6.35,-17.2,0.02222,Rotazione trimestrale,False,Azioni (Low-Beta),2012-2024 (Point-In-Time),686
IEF,2012-05-04,2012-09-28,734.58,756.53,2.99,0.0954,Ribilanciamento mensile (trim parziale),False,Obbligazioni,2012-2024 (Point-In-Time),687
BTC,2012-07-06,2012-08-31,6.76,10.91,61.39,0.0613,Ribilanciamento mensile (trim parziale),True,Cryptovalute,2012-2024 (Point-In-Time),688
IEF,2012-05-04,2012-08-31,734.58,759.17,3.35,0.0613,Ribilanciamento mensile (trim parziale),False,Obbligazioni,2012-2024 (Point-In-Time),689
IEF,2012-05-04,2012-07-27,734.58,756.31,2.96,0.1667,Ribilanciamento mensile (trim parziale),False,Obbligazioni,2012-2024 (Point-In-Time),690
CPB,2012-03-30,2012-06-01,21.0,19.61,-6.65,0.02222,Disattivazione regime macro equity,False,Azioni (Low-Beta),2012-2024 (Point-In-Time),691
EXPE,2012-03-30,2012-06-01,30.32,40.56,33.79,0.02222,Disattivazione regime macro equity,False,Azioni (Low-Beta),2012-2024 (Point-In-Time),692
EP,2012-03-30,2012-06-01,1.63,1.44,-11.76,0.02222,Disattivazione regime macro equity,False,Azioni (Low-Beta),2012-2024 (Point-In-Time),693
BMS,2012-03-30,2012-06-01,26.5,24.91,-6.01,0.02222,Disattivazione regime macro equity,False,Azioni (Low-Beta),2012-2024 (Point-In-Time),694
LLY,2012-03-30,2012-06-01,29.67,29.94,0.91,0.02222,Disattivazione regime macro equity,False,Azioni (Low-Beta),2012-2024 (Point-In-Time),695
KSS,2012-03-30,2012-06-01,26.09,23.31,-10.65,0.02222,Disattivazione regime macro equity,False,Azioni (Low-Beta),2012-2024 (Point-In-Time),696
SO,2012-03-16,2012-06-01,23.96,25.09,4.75,0.02222,Disattivazione regime macro equity,False,Azioni (Low-Beta),2012-2024 (Point-In-Time),697
ED,2012-03-16,2012-06-01,33.53,35.44,5.7,0.02222,Disattivazione regime macro equity,False,Azioni (Low-Beta),2012-2024 (Point-In-Time),698
KMB,2012-03-16,2012-06-01,42.38,45.49,7.35,0.02222,Disattivazione regime macro equity,False,Azioni (Low-Beta),2012-2024 (Point-In-Time),699
HSY,2012-03-16,2012-06-01,42.71,47.07,10.19,0.02222,Disattivazione regime macro equity,False,Azioni (Low-Beta),2012-2024 (Point-In-Time),700
DPS,2012-03-16,2012-06-01,4.34,4.58,5.4,0.02222,Disattivazione regime macro equity,False,Azioni (Low-Beta),2012-2024 (Point-In-Time),701
AZO,2012-03-16,2012-06-01,378.87,373.68,-1.37,0.02222,Disattivazione regime macro equity,False,Azioni (Low-Beta),2012-2024 (Point-In-Time),702
AMT,2012-03-16,2012-06-01,45.69,45.71,0.03,0.02222,Disattivazione regime macro equity,False,Azioni (Low-Beta),2012-2024 (Point-In-Time),703
LMT,2012-03-16,2012-06-01,58.39,53.74,-7.97,0.02222,Disattivazione regime macro equity,False,Azioni (Low-Beta),2012-2024 (Point-In-Time),704
SHW,2012-03-16,2012-06-01,30.89,36.22,17.24,0.02222,Disattivazione regime macro equity,False,Azioni (Low-Beta),2012-2024 (Point-In-Time),705
GLD,2012-02-03,2012-04-06,390.32,368.6,-5.57,0.3333,Disattivazione regime macro,False,Oro,2012-2024 (Point-In-Time),706
IEF,2011-06-03,2012-04-06,712.35,717.01,0.65,0.3333,Disattivazione regime macro,False,Obbligazioni,2012-2024 (Point-In-Time),707
VZ,2012-03-16,2012-03-30,18.86,18.23,-3.39,0.02222,Rotazione trimestrale,False,Azioni (Low-Beta),2012-2024 (Point-In-Time),708
CELG,2012-03-16,2012-03-30,20.42,20.78,1.72,0.02222,Rotazione trimestrale,False,Azioni (Low-Beta),2012-2024 (Point-In-Time),709
WM,2012-03-16,2012-03-30,25.17,25.25,0.34,0.02222,Rotazione trimestrale,False,Azioni (Low-Beta),2012-2024 (Point-In-Time),710
BMY,2012-03-16,2012-03-30,20.42,20.78,1.72,0.02222,Rotazione trimestrale,False,Azioni (Low-Beta),2012-2024 (Point-In-Time),711
MCD,2012-03-16,2012-03-30,66.29,66.59,0.45,0.02222,Rotazione trimestrale,False,Azioni (Low-Beta),2012-2024 (Point-In-Time),712
ABT,2012-03-16,2012-03-30,21.34,22.01,3.15,0.02222,Rotazione trimestrale,False,Azioni (Low-Beta),2012-2024 (Point-In-Time),713
IEF,2011-06-03,2012-02-24,712.35,725.45,1.84,0.1667,Ribilanciamento mensile (trim parziale),False,Obbligazioni,2012-2024 (Point-In-Time),714
GLD,2011-11-04,2011-12-02,397.79,395.39,-0.6,0.5,Disattivazione regime macro,False,Oro,1987-2011 (Macro Allocazione),715
GLD,2011-03-04,2011-10-07,363.87,370.62,1.85,0.5,Disattivazione regime macro,False,Oro,1987-2011 (Macro Allocazione),716
BTC,2011-06-03,2011-09-02,11.46,8.46,-26.18,0.0475,Disattivazione regime macro crypto,True,Cryptovalute,1987-2011 (Macro Allocazione),717
IEF,2011-06-03,2011-07-29,657.85,671.14,2.02,0.0232,Ribilanciamento mensile (trim parziale),False,Obbligazioni,1987-2011 (Macro Allocazione),718
BTC,2011-06-03,2011-07-29,11.46,13.95,21.73,0.0232,Ribilanciamento mensile (trim parziale),True,Cryptovalute,1987-2011 (Macro Allocazione),719
GLD,2011-03-04,2011-07-29,324.45,368.55,13.59,0.0232,Ribilanciamento mensile (trim parziale),False,Oro,1987-2011 (Macro Allocazione),720
SPY,2010-10-01,2011-07-01,790.56,906.16,14.62,0.0707,Disattivazione regime macro,False,Azioni (Indice S&P 500),1987-2011 (Macro Allocazione),721
GLD,2011-03-04,2011-06-24,324.45,340.54,4.96,0.4293,Ribilanciamento mensile (trim parziale),False,Oro,1987-2011 (Macro Allocazione),722
SPY,2010-10-01,2011-06-24,790.56,858.05,8.54,0.4293,Ribilanciamento mensile (trim parziale),False,Azioni (Indice S&P 500),1987-2011 (Macro Allocazione),723
GLD,2010-09-03,2011-02-04,296.82,306.55,3.28,0.5,Disattivazione regime macro,False,Oro,1987-2011 (Macro Allocazione),724
IEF,2010-05-07,2010-12-03,609.7,640.96,5.13,0.3333,Disattivazione regime macro,False,Obbligazioni,1987-2011 (Macro Allocazione),725
GLD,2010-09-03,2010-10-29,283.73,308.78,8.83,0.1667,Ribilanciamento mensile (trim parziale),False,Oro,1987-2011 (Macro Allocazione),726
IEF,2010-05-07,2010-10-29,609.7,656.96,7.75,0.1667,Ribilanciamento mensile (trim parziale),False,Obbligazioni,1987-2011 (Macro Allocazione),727
GLD,2010-05-07,2010-08-06,278.86,274.37,-1.61,0.5,Disattivazione regime macro,False,Oro,1987-2011 (Macro Allocazione),728
SPY,2010-03-05,2010-06-04,762.25,705.22,-7.48,0.3333,Disattivazione regime macro,False,Azioni (Indice S&P 500),1987-2011 (Macro Allocazione),729
SPY,2010-03-05,2010-05-28,762.25,722.05,-5.27,0.1667,Ribilanciamento mensile (trim parziale),False,Azioni (Indice S&P 500),1987-2011 (Macro Allocazione),730
GLD,2010-03-05,2010-04-02,258.0,256.72,-0.5,0.3333,Disattivazione regime macro,False,Oro,1987-2011 (Macro Allocazione),731
IEF,2010-02-05,2010-04-02,591.4,583.04,-1.41,0.3333,Disattivazione regime macro,False,Obbligazioni,1987-2011 (Macro Allocazione),732
IEF,2010-02-05,2010-03-26,591.4,583.14,-1.4,0.1667,Ribilanciamento mensile (trim parziale),False,Obbligazioni,1987-2011 (Macro Allocazione),733
SPY,2009-06-05,2010-02-05,645.31,701.28,8.67,0.5,Disattivazione regime macro,False,Azioni (Indice S&P 500),1987-2011 (Macro Allocazione),734
GLD,2009-02-06,2010-02-05,221.9,243.73,9.84,0.5,Disattivazione regime macro,False,Oro,1987-2011 (Macro Allocazione),735
IEF,2009-11-06,2010-01-01,586.85,574.91,-2.03,0.3333,Disattivazione regime macro,False,Obbligazioni,1987-2011 (Macro Allocazione),736
SPY,2009-06-05,2009-11-27,614.92,716.55,16.53,0.1667,Ribilanciamento mensile (trim parziale),False,Azioni (Indice S&P 500),1987-2011 (Macro Allocazione),737
GLD,2009-02-06,2009-11-27,209.49,267.9,27.88,0.1667,Ribilanciamento mensile (trim parziale),False,Oro,1987-2011 (Macro Allocazione),738
GLD,2009-02-06,2009-06-26,208.66,214.88,2.98,0.0479,Ribilanciamento mensile (trim parziale),False,Oro,1987-2011 (Macro Allocazione),739
IEF,2008-12-05,2009-05-01,594.87,588.13,-1.13,0.5,Disattivazione regime macro,False,Obbligazioni,1987-2011 (Macro Allocazione),740
IEF,2008-12-05,2009-02-27,594.67,587.22,-1.25,0.0121,Ribilanciamento mensile (trim parziale),False,Obbligazioni,1987-2011 (Macro Allocazione),741
IEF,2008-09-05,2008-11-07,554.57,549.83,-0.86,0.5,Disattivazione regime macro,False,Obbligazioni,1987-2011 (Macro Allocazione),742
GLD,2008-07-04,2008-09-05,214.34,183.89,-14.21,0.5,Disattivazione regime macro,False,Oro,1987-2011 (Macro Allocazione),743
GLD,2007-09-07,2008-05-02,172.13,196.93,14.41,0.5,Disattivazione regime macro,False,Oro,1987-2011 (Macro Allocazione),744
IEF,2007-08-03,2008-05-02,497.72,535.66,7.62,0.5,Disattivazione regime macro,False,Obbligazioni,1987-2011 (Macro Allocazione),745
SPY,2007-10-05,2007-12-07,972.81,941.97,-3.17,0.3333,Disattivazione regime macro,False,Azioni (Indice S&P 500),1987-2011 (Macro Allocazione),746
GLD,2007-09-07,2007-10-26,161.56,180.89,11.96,0.1667,Ribilanciamento mensile (trim parziale),False,Oro,1987-2011 (Macro Allocazione),747
IEF,2007-08-03,2007-10-26,486.79,503.84,3.5,0.1667,Ribilanciamento mensile (trim parziale),False,Obbligazioni,1987-2011 (Macro Allocazione),748
SPY,2006-08-04,2007-08-03,863.45,893.35,3.46,0.5,Disattivazione regime macro,False,Azioni (Indice S&P 500),1987-2011 (Macro Allocazione),749
IEF,2007-03-02,2007-06-01,482.67,474.14,-1.77,0.3333,Disattivazione regime macro,False,Obbligazioni,1987-2011 (Macro Allocazione),750
GLD,2006-12-01,2007-06-01,152.09,154.69,1.71,0.3333,Disattivazione regime macro,False,Oro,1987-2011 (Macro Allocazione),751
GLD,2006-12-01,2007-03-30,152.09,153.06,0.64,0.1667,Ribilanciamento mensile (trim parziale),False,Oro,1987-2011 (Macro Allocazione),752
SPY,2006-08-04,2007-03-30,827.89,878.38,6.1,0.1667,Ribilanciamento mensile (trim parziale),False,Azioni (Indice S&P 500),1987-2011 (Macro Allocazione),753
IEF,2006-08-04,2007-02-02,463.07,471.06,1.73,0.3333,Disattivazione regime macro,False,Obbligazioni,1987-2011 (Macro Allocazione),754
SPY,2006-08-04,2006-12-29,794.21,872.57,9.87,0.1667,Ribilanciamento mensile (trim parziale),False,Azioni (Indice S&P 500),1987-2011 (Macro Allocazione),755
IEF,2006-08-04,2006-12-29,463.07,472.89,2.12,0.1667,Ribilanciamento mensile (trim parziale),False,Obbligazioni,1987-2011 (Macro Allocazione),756
GLD,2005-09-02,2006-09-01,115.32,144.68,25.47,0.3333,Disattivazione regime macro,False,Oro,1987-2011 (Macro Allocazione),757
GLD,2005-09-02,2006-08-25,115.32,143.82,24.72,0.1667,Ribilanciamento mensile (trim parziale),False,Oro,1987-2011 (Macro Allocazione),758
SPY,2005-12-02,2006-06-02,771.73,783.49,1.52,0.5,Disattivazione regime macro,False,Azioni (Indice S&P 500),1987-2011 (Macro Allocazione),759
IEF,2006-01-06,2006-03-03,461.56,453.73,-1.7,0.3333,Disattivazione regime macro,False,Obbligazioni,1987-2011 (Macro Allocazione),760
SPY,2005-12-02,2006-01-27,763.33,777.6,1.87,0.1667,Ribilanciamento mensile (trim parziale),False,Azioni (Indice S&P 500),1987-2011 (Macro Allocazione),761
GLD,2005-09-02,2006-01-27,105.33,129.52,22.97,0.1667,Ribilanciamento mensile (trim parziale),False,Oro,1987-2011 (Macro Allocazione),762
SPY,2005-06-03,2005-11-04,719.79,734.81,2.09,0.5,Disattivazione regime macro,False,Azioni (Indice S&P 500),1987-2011 (Macro Allocazione),763
IEF,2005-09-02,2005-10-07,466.64,457.46,-1.97,0.3333,Disattivazione regime macro,False,Obbligazioni,1987-2011 (Macro Allocazione),764
SPY,2005-06-03,2005-09-30,719.24,740.4,2.94,0.1667,Ribilanciamento mensile (trim parziale),False,Azioni (Indice S&P 500),1987-2011 (Macro Allocazione),765
GLD,2005-07-01,2005-08-05,99.42,101.51,2.11,0.3333,Disattivazione regime macro,False,Oro,1987-2011 (Macro Allocazione),766
IEF,2005-05-06,2005-08-05,455.67,453.97,-0.37,0.3333,Disattivazione regime macro,False,Obbligazioni,1987-2011 (Macro Allocazione),767
SPY,2005-06-03,2005-07-29,717.06,741.46,3.4,0.1667,Ribilanciamento mensile (trim parziale),False,Azioni (Indice S&P 500),1987-2011 (Macro Allocazione),768
IEF,2005-05-06,2005-07-29,455.67,456.94,0.28,0.1667,Ribilanciamento mensile (trim parziale),False,Obbligazioni,1987-2011 (Macro Allocazione),769
GLD,2005-05-06,2005-06-03,99.0,98.19,-0.82,0.5,Disattivazione regime macro,False,Oro,1987-2011 (Macro Allocazione),770
GLD,2005-03-04,2005-04-01,101.0,99.23,-1.75,0.5,Disattivazione regime macro,False,Oro,1987-2011 (Macro Allocazione),771
SPY,2004-10-01,2005-04-01,687.59,700.82,1.92,0.5,Disattivazione regime macro,False,Azioni (Indice S&P 500),1987-2011 (Macro Allocazione),772
IEF,2004-08-06,2005-03-04,445.7,448.84,0.71,0.5,Disattivazione regime macro,False,Obbligazioni,1987-2011 (Macro Allocazione),773
GLD,2004-09-03,2005-02-04,95.36,96.56,1.26,0.3333,Disattivazione regime macro,False,Oro,1987-2011 (Macro Allocazione),774
GLD,2004-09-03,2004-10-29,95.36,102.02,6.99,0.1667,Ribilanciamento mensile (trim parziale),False,Oro,1987-2011 (Macro Allocazione),775
IEF,2004-08-06,2004-10-29,443.52,453.2,2.18,0.1667,Ribilanciamento mensile (trim parziale),False,Obbligazioni,1987-2011 (Macro Allocazione),776
SPY,2004-07-02,2004-08-06,663.14,627.72,-5.34,0.5,Disattivazione regime macro,False,Azioni (Indice S&P 500),1987-2011 (Macro Allocazione),777
GLD,2004-07-02,2004-08-06,94.83,95.19,0.38,0.5,Disattivazione regime macro,False,Oro,1987-2011 (Macro Allocazione),778
GLD,2004-04-02,2004-05-07,100.38,90.17,-10.18,0.3333,Disattivazione regime macro,False,Oro,1987-2011 (Macro Allocazione),779
IEF,2003-10-03,2004-05-07,432.05,421.24,-2.5,0.3333,Disattivazione regime macro,False,Obbligazioni,1987-2011 (Macro Allocazione),780
SPY,2003-05-02,2004-05-07,584.18,643.64,10.18,0.3333,Disattivazione regime macro,False,Azioni (Indice S&P 500),1987-2011 (Macro Allocazione),781
IEF,2003-10-03,2004-04-30,432.05,429.29,-0.64,0.1667,Ribilanciamento mensile (trim parziale),False,Obbligazioni,1987-2011 (Macro Allocazione),782
SPY,2003-05-02,2004-04-30,584.18,649.49,11.18,0.1667,Ribilanciamento mensile (trim parziale),False,Azioni (Indice S&P 500),1987-2011 (Macro Allocazione),783
GLD,2003-08-01,2004-03-05,82.4,95.55,15.95,0.3333,Disattivazione regime macro,False,Oro,1987-2011 (Macro Allocazione),784
GLD,2003-08-01,2003-10-31,82.4,91.55,11.1,0.1667,Ribilanciamento mensile (trim parziale),False,Oro,1987-2011 (Macro Allocazione),785
SPY,2003-05-02,2003-10-31,551.31,611.32,10.89,0.1667,Ribilanciamento mensile (trim parziale),False,Azioni (Indice S&P 500),1987-2011 (Macro Allocazione),786
IEF,2003-01-03,2003-08-01,406.87,407.64,0.19,0.5,Disattivazione regime macro,False,Obbligazioni,1987-2011 (Macro Allocazione),787
GLD,2003-06-06,2003-07-04,86.6,83.57,-3.49,0.3333,Disattivazione regime macro,False,Oro,1987-2011 (Macro Allocazione),788
SPY,2003-05-02,2003-06-27,537.12,564.8,5.15,0.1667,Ribilanciamento mensile (trim parziale),False,Azioni (Indice S&P 500),1987-2011 (Macro Allocazione),789
IEF,2003-01-03,2003-06-27,404.08,426.43,5.53,0.1667,Ribilanciamento mensile (trim parziale),False,Obbligazioni,1987-2011 (Macro Allocazione),790
GLD,2002-12-06,2003-04-04,77.69,77.45,-0.31,0.5,Disattivazione regime macro,False,Oro,1987-2011 (Macro Allocazione),791
IEF,2002-05-03,2002-12-06,372.51,399.72,7.3,0.5,Disattivazione regime macro,False,Obbligazioni,1987-2011 (Macro Allocazione),792
GLD,2002-10-04,2002-11-01,76.69,75.9,-1.02,0.5,Disattivazione regime macro,False,Oro,1987-2011 (Macro Allocazione),793
GLD,2002-03-01,2002-08-09,70.95,74.81,5.44,0.5,Disattivazione regime macro,False,Oro,1987-2011 (Macro Allocazione),794
SPY,2002-04-05,2002-05-03,638.5,609.55,-4.53,0.5,Disattivazione regime macro,False,Azioni (Indice S&P 500),1987-2011 (Macro Allocazione),795
IEF,2002-03-01,2002-04-05,368.81,365.06,-1.01,0.5,Disattivazione regime macro,False,Obbligazioni,1987-2011 (Macro Allocazione),796
IEF,2001-08-03,2002-01-04,356.82,358.55,0.49,0.5,Disattivazione regime macro,False,Obbligazioni,1987-2011 (Macro Allocazione),797
GLD,2001-09-07,2001-12-07,65.02,65.21,0.29,0.5,Disattivazione regime macro,False,Oro,1987-2011 (Macro Allocazione),798
GLD,2001-06-01,2001-08-03,63.43,63.79,0.56,0.5,Disattivazione regime macro,False,Oro,1987-2011 (Macro Allocazione),799
IEF,2000-03-03,2001-05-04,304.47,349.7,14.85,0.5,Disattivazione regime macro,False,Obbligazioni,1987-2011 (Macro Allocazione),800
SPY,2000-09-01,2000-10-06,845.99,784.5,-7.27,0.5,Disattivazione regime macro,False,Azioni (Indice S&P 500),1987-2011 (Macro Allocazione),801
SPY,2000-07-07,2000-08-04,821.54,812.01,-1.16,0.5,Disattivazione regime macro,False,Azioni (Indice S&P 500),1987-2011 (Macro Allocazione),802
SPY,2000-04-07,2000-06-02,838.12,818.23,-2.37,0.5,Disattivazione regime macro,False,Azioni (Indice S&P 500),1987-2011 (Macro Allocazione),803
GLD,2000-03-03,2000-04-07,68.69,66.7,-2.89,0.5,Disattivazione regime macro,False,Oro,1987-2011 (Macro Allocazione),804
SPY,1999-11-05,2000-02-04,756.78,787.17,4.02,0.5,Disattivazione regime macro,False,Azioni (Indice S&P 500),1987-2011 (Macro Allocazione),805
GLD,1999-11-05,2000-02-04,68.79,69.92,1.64,0.5,Disattivazione regime macro,False,Oro,1987-2011 (Macro Allocazione),806
SPY,1999-09-03,1999-10-01,746.66,707.46,-5.25,0.5,Disattivazione regime macro,False,Azioni (Indice S&P 500),1987-2011 (Macro Allocazione),807
SPY,1998-11-06,1999-08-06,621.24,715.94,15.24,0.5,Disattivazione regime macro,False,Azioni (Indice S&P 500),1987-2011 (Macro Allocazione),808
IEF,1999-02-05,1999-03-05,312.14,303.34,-2.82,0.5,Disattivazione regime macro,False,Obbligazioni,1987-2011 (Macro Allocazione),809
IEF,1997-06-06,1999-01-01,265.78,318.0,19.65,0.5,Disattivazione regime macro,False,Obbligazioni,1987-2011 (Macro Allocazione),810
GLD,1998-10-02,1998-11-06,71.62,69.83,-2.49,0.5,Disattivazione regime macro,False,Oro,1987-2011 (Macro Allocazione),811
SPY,1997-12-05,1998-08-07,559.78,591.94,5.74,0.5,Disattivazione regime macro,False,Azioni (Indice S&P 500),1987-2011 (Macro Allocazione),812
GLD,1998-05-01,1998-06-05,73.07,69.21,-5.28,0.3333,Disattivazione regime macro,False,Oro,1987-2011 (Macro Allocazione),813
SPY,1997-12-05,1998-05-29,531.33,589.55,10.96,0.1667,Ribilanciamento mensile (trim parziale),False,Azioni (Indice S&P 500),1987-2011 (Macro Allocazione),814
IEF,1997-06-06,1998-05-29,250.51,291.16,16.23,0.1667,Ribilanciamento mensile (trim parziale),False,Obbligazioni,1987-2011 (Macro Allocazione),815
SPY,1997-06-06,1997-11-07,460.37,499.1,8.41,0.5,Disattivazione regime macro,False,Azioni (Indice S&P 500),1987-2011 (Macro Allocazione),816
SPY,1996-10-04,1997-05-02,371.67,434.06,16.79,0.5,Disattivazione regime macro,False,Azioni (Indice S&P 500),1987-2011 (Macro Allocazione),817
IEF,1996-11-01,1997-03-07,244.21,244.25,0.02,0.5,Disattivazione regime macro,False,Obbligazioni,1987-2011 (Macro Allocazione),818
SPY,1995-02-03,1996-08-02,285.77,349.89,22.44,0.5,Disattivazione regime macro,False,Azioni (Indice S&P 500),1987-2011 (Macro Allocazione),819
GLD,1996-01-05,1996-05-03,94.3,93.81,-0.52,0.5,Disattivazione regime macro,False,Oro,1987-2011 (Macro Allocazione),820
IEF,1995-01-06,1996-03-01,202.7,239.83,18.31,0.3333,Disattivazione regime macro,False,Obbligazioni,1987-2011 (Macro Allocazione),821
SPY,1995-02-03,1996-01-26,259.52,323.98,24.84,0.1667,Ribilanciamento mensile (trim parziale),False,Azioni (Indice S&P 500),1987-2011 (Macro Allocazione),822
IEF,1995-01-06,1996-01-26,202.7,247.37,22.03,0.1667,Ribilanciamento mensile (trim parziale),False,Obbligazioni,1987-2011 (Macro Allocazione),823
GLD,1995-04-07,1995-08-04,93.6,91.43,-2.31,0.3333,Disattivazione regime macro,False,Oro,1987-2011 (Macro Allocazione),824
SPY,1995-02-03,1995-04-28,244.42,263.97,8.0,0.1667,Ribilanciamento mensile (trim parziale),False,Azioni (Indice S&P 500),1987-2011 (Macro Allocazione),825
IEF,1995-01-06,1995-04-28,191.96,207.0,7.84,0.1667,Ribilanciamento mensile (trim parziale),False,Obbligazioni,1987-2011 (Macro Allocazione),826
GLD,1994-10-07,1994-12-02,93.33,90.24,-3.32,0.5,Disattivazione regime macro,False,Oro,1987-2011 (Macro Allocazione),827
SPY,1994-09-02,1994-12-02,237.33,230.02,-3.08,0.5,Disattivazione regime macro,False,Azioni (Indice S&P 500),1987-2011 (Macro Allocazione),828
GLD,1994-06-03,1994-09-02,91.18,92.07,0.98,0.5,Disattivazione regime macro,False,Oro,1987-2011 (Macro Allocazione),829
GLD,1994-04-01,1994-05-06,92.67,88.9,-4.06,0.5,Disattivazione regime macro,False,Oro,1987-2011 (Macro Allocazione),830
SPY,1993-06-04,1994-04-01,224.18,222.3,-0.84,0.5,Disattivazione regime macro,False,Azioni (Indice S&P 500),1987-2011 (Macro Allocazione),831
IEF,1994-02-04,1994-03-04,207.24,199.02,-3.97,0.3333,Disattivazione regime macro,False,Obbligazioni,1987-2011 (Macro Allocazione),832
GLD,1993-12-03,1994-03-04,89.7,89.51,-0.21,0.3333,Disattivazione regime macro,False,Oro,1987-2011 (Macro Allocazione),833
GLD,1993-12-03,1994-02-25,89.7,90.23,0.58,0.1667,Ribilanciamento mensile (trim parziale),False,Oro,1987-2011 (Macro Allocazione),834
SPY,1993-06-04,1994-02-25,221.77,232.02,4.62,0.1667,Ribilanciamento mensile (trim parziale),False,Azioni (Indice S&P 500),1987-2011 (Macro Allocazione),835
IEF,1993-02-05,1993-12-03,190.97,206.43,8.1,0.5,Disattivazione regime macro,False,Obbligazioni,1987-2011 (Macro Allocazione),836
GLD,1993-05-07,1993-09-03,85.12,86.38,1.48,0.3333,Disattivazione regime macro,False,Oro,1987-2011 (Macro Allocazione),837
GLD,1993-05-07,1993-06-25,85.12,89.55,5.2,0.1667,Ribilanciamento mensile (trim parziale),False,Oro,1987-2011 (Macro Allocazione),838
IEF,1993-02-05,1993-06-25,182.56,195.95,7.33,0.1667,Ribilanciamento mensile (trim parziale),False,Obbligazioni,1987-2011 (Macro Allocazione),839
SPY,1992-08-07,1993-05-07,203.73,215.41,5.73,0.5,Disattivazione regime macro,False,Azioni (Indice S&P 500),1987-2011 (Macro Allocazione),840
IEF,1992-06-05,1992-12-04,167.11,172.83,3.42,0.5,Disattivazione regime macro,False,Obbligazioni,1987-2011 (Macro Allocazione),841
GLD,1992-10-02,1992-11-06,82.86,80.26,-3.13,0.3333,Disattivazione regime macro,False,Oro,1987-2011 (Macro Allocazione),842
SPY,1992-08-07,1992-10-30,201.13,202.65,0.75,0.1667,Ribilanciamento mensile (trim parziale),False,Azioni (Indice S&P 500),1987-2011 (Macro Allocazione),843
IEF,1992-06-05,1992-10-30,165.43,170.46,3.04,0.1667,Ribilanciamento mensile (trim parziale),False,Obbligazioni,1987-2011 (Macro Allocazione),844
GLD,1992-08-07,1992-09-04,83.31,81.44,-2.24,0.3333,Disattivazione regime macro,False,Oro,1987-2011 (Macro Allocazione),845
IEF,1992-06-05,1992-08-28,161.63,170.19,5.3,0.1667,Ribilanciamento mensile (trim parziale),False,Obbligazioni,1987-2011 (Macro Allocazione),846
SPY,1992-01-03,1992-07-03,198.43,197.61,-0.41,0.5,Disattivazione regime macro,False,Azioni (Indice S&P 500),1987-2011 (Macro Allocazione),847
IEF,1990-11-02,1992-04-03,131.52,159.07,20.95,0.5,Disattivazione regime macro,False,Obbligazioni,1987-2011 (Macro Allocazione),848
GLD,1991-12-06,1992-01-03,87.56,84.05,-4.01,0.5,Disattivazione regime macro,False,Oro,1987-2011 (Macro Allocazione),849
SPY,1991-08-02,1991-12-06,180.79,179.11,-0.93,0.5,Disattivazione regime macro,False,Azioni (Indice S&P 500),1987-2011 (Macro Allocazione),850
SPY,1991-02-01,1991-07-05,157.8,174.46,10.55,0.5,Disattivazione regime macro,False,Azioni (Indice S&P 500),1987-2011 (Macro Allocazione),851
GLD,1990-09-07,1990-11-02,91.57,89.88,-1.85,0.5,Disattivazione regime macro,False,Oro,1987-2011 (Macro Allocazione),852
IEF,1990-07-06,1990-09-07,129.46,126.85,-2.01,0.5,Disattivazione regime macro,False,Obbligazioni,1987-2011 (Macro Allocazione),853
SPY,1990-06-01,1990-09-07,163.49,146.86,-10.18,0.5,Disattivazione regime macro,False,Azioni (Indice S&P 500),1987-2011 (Macro Allocazione),854
SPY,1990-04-06,1990-05-04,152.27,151.8,-0.31,0.5,Disattivazione regime macro,False,Azioni (Indice S&P 500),1987-2011 (Macro Allocazione),855
GLD,1989-12-01,1990-04-06,98.69,89.93,-8.88,0.5,Disattivazione regime macro,False,Oro,1987-2011 (Macro Allocazione),856
SPY,1989-12-01,1990-02-02,155.2,147.15,-5.19,0.3333,Disattivazione regime macro,False,Azioni (Indice S&P 500),1987-2011 (Macro Allocazione),857
IEF,1989-04-07,1990-02-02,112.73,126.29,12.03,0.3333,Disattivazione regime macro,False,Obbligazioni,1987-2011 (Macro Allocazione),858
IEF,1989-04-07,1989-12-29,112.73,131.49,16.65,0.1667,Ribilanciamento mensile (trim parziale),False,Obbligazioni,1987-2011 (Macro Allocazione),859
SPY,1989-01-06,1989-11-03,120.73,148.99,23.41,0.5,Disattivazione regime macro,False,Azioni (Indice S&P 500),1987-2011 (Macro Allocazione),860
IEF,1988-10-07,1989-03-03,110.94,111.88,0.85,0.5,Disattivazione regime macro,False,Obbligazioni,1987-2011 (Macro Allocazione),861
SPY,1988-10-07,1988-12-02,118.59,116.57,-1.7,0.5,Disattivazione regime macro,False,Azioni (Indice S&P 500),1987-2011 (Macro Allocazione),862
SPY,1988-07-01,1988-09-02,114.77,112.47,-2.0,0.5,Disattivazione regime macro,False,Azioni (Indice S&P 500),1987-2011 (Macro Allocazione),863
IEF,1988-07-01,1988-09-02,107.25,107.67,0.4,0.5,Disattivazione regime macro,False,Obbligazioni,1987-2011 (Macro Allocazione),864
IEF,1988-01-01,1988-05-06,101.97,103.54,1.54,0.5,Disattivazione regime macro,False,Obbligazioni,1987-2011 (Macro Allocazione),865
GLD,1987-10-02,1988-02-05,108.18,105.17,-2.78,0.5,Disattivazione regime macro,False,Oro,1987-2011 (Macro Allocazione),866
SPY,1987-06-26,1987-11-06,126.04,103.64,-17.77,0.5,Disattivazione regime macro,False,Azioni (Indice S&P 500),1987-2011 (Macro Allocazione),867
GLD,1987-06-26,1987-09-04,105.74,110.4,4.41,0.5,Disattivazione regime macro,False,Oro,1987-2011 (Macro Allocazione),868
